rank,smiles,cn,cn_error,cn_score,ysi,chemical_valid,chemical_flags,ood_warning,confidence_score,mixture_dcn,blend_ratio,ad_score,in_domain,mixture_ysi
1,CCCC(C)(C)OC,55.02742197774607,0.027421977746072912,55.02742197774607,40.457202168021496,True,OK,False,100.0,55.02742197774607,0.3,0.09107334591503824,True,40.457202168021496
2,CCOC(C)(C)C,55.0741456298022,0.07414562980220296,55.0741456298022,38.88335001076405,True,OK,False,100.0,55.0741456298022,0.3,0.09976509943947609,True,38.88335001076405
3,COCC(C)C,55.093151736003506,0.0931517360035059,55.093151736003506,36.64541796448881,True,OK,False,100.0,55.093151736003506,0.3,0.11806543024801874,True,36.64541796448881
4,CCCCCCCC=C,54.827359126822934,0.1726408731770661,54.827359126822934,48.37588501277172,True,OK,False,100.0,54.827359126822934,0.3,0.020694506748634378,True,48.37588501277172
5,C=CCCCCCCC,54.82735877522913,0.17264122477087085,54.82735877522913,48.37588501277172,True,OK,False,100.0,54.82735877522913,0.3,0.020694507429581788,True,48.37588501277172
6,CCC(C)CCOCCO,55.232726037488455,0.23272603748845455,55.232726037488455,40.78783340756682,True,OK,False,100.0,55.232726037488455,0.3,0.14179500586525884,True,40.78783340756682
7,CCCCC(=O)OCCOC,55.24860893593893,0.24860893593893252,55.24860893593893,37.506540655150864,True,OK,False,100.0,55.24860893593893,0.3,0.026179840737165394,True,37.506540655150864
8,CCCC(=O)OCCOC,54.711482599244675,0.2885174007553246,54.711482599244675,34.962885751873486,True,OK,False,100.0,54.711482599244675,0.3,0.00960661514256933,True,34.962885751873486
9,CCCCCC(=O)CCCCC,55.29023307147836,0.29023307147836164,55.29023307147836,46.99853077088372,True,OK,False,100.0,55.29023307147836,0.3,0.004090581395213566,True,46.99853077088372
10,O=CCCCCOCCO,54.622479792394394,0.3775202076056061,54.622479792394394,35.608336507219676,True,OK,False,100.0,54.622479792394394,0.3,0.07100759072167595,True,35.608336507219676
11,COCCCCC(=O)OC,54.60935866326538,0.39064133673461754,54.60935866326538,35.37050539974472,True,OK,False,100.0,54.60935866326538,0.3,0.04091852240260907,True,35.37050539974472
12,CCCCCCCCOC(C)=O,54.60588948721255,0.39411051278744935,54.60588948721255,49.35412986456236,True,OK,False,100.0,54.60588948721255,0.3,0.04801625614237548,True,49.35412986456236
13,CCOC(=O)CCCOC,55.41150937668097,0.4115093766809679,55.41150937668097,34.99645846218864,True,OK,False,100.0,55.41150937668097,0.3,0.0477174836552513,True,34.99645846218864
14,CCCCCCCC(=O)CCC,55.47618857265546,0.47618857265545955,55.47618857265546,47.34192889754705,True,OK,False,100.0,55.47618857265546,0.3,0.02586911686858473,True,47.34192889754705
15,CCCCOCC(C)O,54.459615565814055,0.5403844341859454,54.459615565814055,37.16368667529646,True,OK,False,100.0,54.459615565814055,0.3,0.14569427532994872,True,37.16368667529646
16,CCOCCO,54.308095161689266,0.6919048383107338,54.308095161689266,32.590081716332215,True,OK,False,100.0,54.308095161689266,0.3,0.10960268449858668,True,32.590081716332215
17,CCCOCCO,55.799918215046844,0.7999182150468442,55.799918215046844,33.5316521939393,True,OK,False,100.0,55.799918215046844,0.3,0.09638045247389304,True,33.5316521939393
18,CCC(C)OC(=O)CCCOC,54.14224731009786,0.8577526899021422,54.14224731009786,42.63609490875595,True,OK,False,100.0,54.14224731009786,0.3,0.08404000358068575,True,42.63609490875595
19,CCCCCCCC(=O)CC,54.11688614590982,0.8831138540901833,54.11688614590982,44.118294114326154,True,OK,False,100.0,54.11688614590982,0.3,0.019711093247361533,True,44.118294114326154
20,CC(C)CCOCCO,53.99974247426606,1.000257525733943,53.99974247426606,38.24064947803813,True,OK,False,100.0,53.99974247426606,0.3,0.16376304988770785,True,38.24064947803813
21,CCCCCOCCO,56.039110291884285,1.0391102918842847,56.039110291884285,37.01402125170699,True,OK,False,100.0,56.039110291884285,0.3,0.11881585932054128,True,37.01402125170699
22,CCOC(=O)CCCCOC,56.04717550212814,1.047175502128141,56.04717550212814,37.196763075320916,True,OK,False,100.0,56.04717550212814,0.3,0.05636721691804625,True,37.196763075320916
23,CCCOCC(C)O,53.7828221068709,1.2171778931290973,53.7828221068709,34.79408247553757,True,OK,False,100.0,53.7828221068709,0.3,0.12679823578950755,True,34.79408247553757
24,CCCCOCCO,56.220295016750356,1.220295016750356,56.220295016750356,35.06183657012354,True,OK,False,100.0,56.220295016750356,0.3,0.11758323691915595,True,35.06183657012354
25,CC(O)COCCCCC=O,53.7169499531233,1.2830500468767028,53.7169499531233,38.367212199090936,True,OK,False,100.0,53.7169499531233,0.3,0.09610675863515161,True,38.367212199090936
26,CCCCC(C)(C)OC,56.30431152028846,1.3043115202884579,56.30431152028846,42.66791799335367,True,OK,False,100.0,56.30431152028846,0.3,0.09053276421056333,True,42.66791799335367
27,CC(C)C(C)CCOCCO,53.48932531240001,1.5106746875999875,53.48932531240001,45.85250057871903,True,OK,False,100.0,53.48932531240001,0.3,0.15993513839398832,True,45.85250057871903
28,CCCOC(=O)CCCCOC,56.550991841939265,1.5509918419392648,56.550991841939265,40.984806802737324,True,OK,False,100.0,56.550991841939265,0.3,0.07243711342585124,True,40.984806802737324
29,CC(C)OCCO,53.077883564008644,1.9221164359913558,53.077883564008644,34.384351245382035,True,OK,False,100.0,53.077883564008644,0.3,0.12448368956399336,True,34.384351245382035
30,CCCC(C)CCOCCO,57.29502902205498,2.295029022054983,57.29502902205498,43.77856194934898,True,OK,False,100.0,57.29502902205498,0.3,0.15098391706997427,True,43.77856194934898
31,CCOC(=O)CCCCCOC,57.83355153774041,2.833551537740412,57.83355153774041,41.292104946778,True,OK,False,100.0,57.83355153774041,0.3,0.07558788582660458,True,41.292104946778
32,CCC(C)OC,58.01669956240166,3.016699562401662,58.01669956240166,35.723562172613,True,OK,False,100.0,58.01669956240166,0.3,0.022526603105339937,True,35.723562172613
33,COCOCC(C)O,58.08685096432389,3.0868509643238866,58.08685096432389,31.860903827054823,True,OK,False,100.0,58.08685096432389,0.3,0.03739806103959753,True,31.860903827054823
34,CCOCC(C)O,51.668218665144124,3.331781334855876,51.668218665144124,33.60025045333131,True,OK,False,100.0,51.668218665144124,0.3,0.12415921825395992,True,33.60025045333131
35,CC(=O)CCCCOCC(C)O,51.58868603737393,3.4113139626260676,51.58868603737393,42.061815866327706,True,OK,False,100.0,51.58868603737393,0.3,0.1138791102881328,True,42.061815866327706
36,CCCCCOC(=O)CCC,51.189582242915684,3.8104177570843163,51.189582242915684,43.35724871113105,True,OK,False,100.0,51.189582242915684,0.3,0.054482197334721705,True,43.35724871113105
37,CCOCC(C)C,58.931329000884624,3.931329000884624,58.931329000884624,37.36213943480442,True,OK,False,100.0,58.931329000884624,0.3,0.08075947622986346,True,37.36213943480442
38,COCCOCC(C)O,59.40450183121351,4.4045018312135085,59.40450183121351,32.90793059115916,True,OK,False,100.0,59.40450183121351,0.3,0.07407063801789038,True,32.90793059115916
39,CC(C)CCOC(C)C,59.48086343447568,4.48086343447568,59.48086343447568,43.117837283087994,True,OK,False,100.0,59.48086343447568,0.3,0.10253037813328014,True,43.117837283087994
40,C=CCCCCCC(=O)CC,50.33108528245034,4.6689147175496615,50.33108528245034,48.900043504390574,True,OK,False,100.0,50.33108528245034,0.3,0.046755880507375114,True,48.900043504390574
41,CCCCCCCCCO,50.221899760737465,4.778100239262535,50.221899760737465,45.292908816325124,True,OK,False,100.0,50.221899760737465,0.3,0.04645106348925565,True,45.292908816325124
42,COCCO,49.01014718930089,5.989852810699112,49.01014718930089,32.670739575773396,True,OK,False,100.0,49.01014718930089,0.3,0.08509281346789666,True,32.670739575773396
43,COCCOCCO,61.07464658110043,6.074646581100431,61.07464658110043,31.12924371895729,True,OK,False,100.0,61.07464658110043,0.3,0.019589018914542677,True,31.12924371895729
44,CCCC(C)(C)CC,48.76876872640034,6.231231273599661,48.76876872640034,45.10340051620061,True,OK,False,100.0,48.76876872640034,0.3,0.031309137645105456,True,45.10340051620061
45,C=CCCCC(=O)OCCC,48.73216886630381,6.267831133696191,48.73216886630381,41.89477899032593,True,OK,False,100.0,48.73216886630381,0.3,0.02911572864152434,True,41.89477899032593
46,CCCOC(=O)CCC,48.72547539928182,6.2745246007181805,48.72547539928182,37.66180197878782,True,OK,False,100.0,48.72547539928182,0.3,0.017188403977692945,True,37.66180197878782
47,CCCCC(=O)OCC(C)C,48.70037652407073,6.299623475929273,48.70037652407073,42.89190149270843,True,OK,False,100.0,48.70037652407073,0.3,0.06551156945890335,True,42.89190149270843
48,CC(O)CCCCCCC=O,48.19510810185379,6.804891898146209,48.19510810185379,43.72209698866114,True,OK,False,100.0,48.19510810185379,0.3,0.049108805274923006,True,43.72209698866114
49,CCOCCOCC(C)O,61.80608756163482,6.806087561634818,61.80608756163482,34.2427061313402,True,OK,False,100.0,61.80608756163482,0.3,0.09218944614602254,True,34.2427061313402
50,CC(COC)O,47.7969196818613,7.203080318138703,47.7969196818613,32.6304520129776,True,OK,False,100.0,47.7969196818613,0.3,0.11763571546322926,True,32.6304520129776
51,COCC(C)O,47.796919154470594,7.203080845529406,47.796919154470594,32.6304520129776,True,OK,False,100.0,47.796919154470594,0.3,0.11763571400512096,True,32.6304520129776
52,COC(C)(C)CCO,47.535979418754025,7.4640205812459754,47.535979418754025,36.97955036466456,True,OK,False,100.0,47.535979418754025,0.3,0.01773364061580973,True,36.97955036466456
53,CCCC(=O)OCC(C)C,47.45029372363683,7.5497062763631675,47.45029372363683,40.80953598881589,True,OK,False,100.0,47.45029372363683,0.3,0.06126693527564153,True,40.80953598881589
54,COC(C)CO,47.29240736211743,7.70759263788257,47.29240736211743,32.4107642212455,True,OK,False,100.0,47.29240736211743,0.3,0.03440652710340908,True,32.4107642212455
55,CCOC(=O)CCCCCCCO,47.019953105154016,7.980046894845984,47.019953105154016,46.84383745747252,True,OK,False,100.0,47.019953105154016,0.3,0.06785145050265773,True,46.84383745747252
56,CCCCCOC(C)C,63.10402069646612,8.104020696466122,63.10402069646612,40.88002063867063,True,OK,False,100.0,63.10402069646612,0.3,0.10027013105504379,True,40.88002063867063
57,CCOCCOCCO,63.511622337342644,8.511622337342644,63.511622337342644,32.39655823661221,True,OK,False,100.0,63.511622337342644,0.3,0.05498093516309044,True,32.39655823661221
58,C=CCCCCCCCO,46.46676315079459,8.533236849205409,46.46676315079459,45.603117887417184,True,OK,False,100.0,46.46676315079459,0.3,0.10496436869324843,True,45.603117887417184
59,CCCC(C)(C)C,46.049817025622524,8.950182974377476,46.049817025622524,42.3491427997326,True,OK,False,100.0,46.049817025622524,0.3,0.06754964951711406,True,42.3491427997326
60,CC(O)CCCCCC=O,46.01412093739624,8.985879062603757,46.01412093739624,40.63268577713917,True,OK,False,100.0,46.01412093739624,0.3,0.03664680701506773,True,40.63268577713917
61,CCCC(=O)OCCO,45.1767039591784,9.823296040821603,45.1767039591784,34.95080643128846,True,OK,False,100.0,45.1767039591784,0.3,0.03806344547024931,True,34.95080643128846
62,CC(=O)CC(C)C,44.984917098983935,10.015082901016065,44.984917098983935,37.077552103963924,True,OK,False,100.0,44.984917098983935,0.3,0.025210133967668247,True,37.077552103963924
63,C=CCCCCCCO,44.70265987940604,10.297340120593958,44.70265987940604,41.11911315165311,True,OK,False,100.0,44.70265987940604,0.3,0.10605488732985646,True,41.11911315165311
64,CCOCC,65.36274437175194,10.362744371751944,65.36274437175194,33.54889042426098,True,OK,False,100.0,65.36274437175194,0.3,0.04403497194422745,True,33.54889042426098
65,COCC(C)OC,66.08541449328014,11.08541449328014,66.08541449328014,32.583830159871454,True,OK,False,100.0,66.08541449328014,0.3,0.021331336988723026,True,32.583830159871454
66,CCCCCCCCOC,66.32723227263736,11.32723227263736,66.32723227263736,43.83929586956218,True,OK,False,100.0,66.32723227263736,0.3,0.05910532220490872,True,43.83929586956218
67,CCCCCCOCC,67.33901200116435,12.339012001164349,67.33901200116435,38.94925533196837,True,OK,False,100.0,67.33901200116435,0.3,0.06456009423673925,True,38.94925533196837
68,COCCOC(C)C,67.91769145144985,12.917691451449855,67.91769145144985,34.211994966158,True,OK,False,100.0,67.91769145144985,0.3,0.0803852395729231,True,34.211994966158
69,CCOCC(C)OC,68.81351448901154,13.813514489011538,68.81351448901154,33.80549612741436,True,OK,False,100.0,68.81351448901154,0.3,0.033409442714606885,True,33.80549612741436
