Name,fuel_1_smiles,fuel_2_smiles,num_components,mole_fractions,CN_Measured,CN_pred_model_0,CN_pred_model_1,CN_pred_model_2,CN_pred_model_3,CN_pred_model_4,CN_pred_model_5,CN_pred_model_6,CN_pred_model_7,CN_pred_model_8,CN_pred_model_9,fuel_3_smiles,CN_predicted,CN_pred_std,Error,Absolute_Error
93.4%n-decane-6.6%iso-octane,CCCCCCCCCC,CC(C)CC(C)(C)C,2,"[0.354, 0.646]",45.0,40.90977334603749,41.54711270639249,40.87090289316208,42.05665475128321,41.40016056054829,42.07759392021266,41.43410166830757,41.31466349550634,41.8108695874545,42.26886094896959,,41.56906938778742,0.48057499223154043,-3.4309306122125776,3.4309306122125776
93.4%n-decane-6.6%iso-octane,CCCCCCCCCC,CC(C)CC(C)(C)C,2,"[0.61, 0.39]",55.0,55.263966553247954,55.52376273012072,54.77722360850382,57.65911846867071,58.128035607609746,55.425239114682725,54.98734309697021,55.49892262794852,55.29008294092455,55.82099309918421,,55.83746878478631,1.1266323105878013,0.83746878478631,0.83746878478631
"5.86%n-hexadecane-94.14%2,2,4,4,6,8,8-heptamethylnonane",CCCCCCCCCCCCCCCC,,1,"[1.0, 0.0]",90.0,101.89008297253086,109.78114880582487,109.03508785177986,110.82312516811066,119.99156644658262,109.97115712876756,112.276466279745,108.8706825895616,109.95681913348685,110.21767360770623,,110.28138099840962,4.383993901580847,20.281380998409617,20.281380998409617
79.54%n-heptane-20.46%cyclooctane,CCCCCCC,C1CCCCCCC1,2,"[0.5984, 0.40159999999999996]",39.4171,48.66700324030306,44.770303186935564,44.437829055073195,48.41685655534984,52.84363700560225,45.379801592010935,46.80714234192362,45.804583160876696,45.417232268263625,45.87705367552262,,46.84214420818614,2.5403188686781353,7.425044208186144,7.425044208186144
67.82%iso-octane-93.22%cyclohexane,CC(C)CC(C)(C)C,C1CCCCC1,2,"[0.8549, 0.1451]",18.12,19.62465303502626,17.57467306165623,16.156669104924674,17.839951904392375,16.46206084513709,17.190996544029193,18.07574982650467,18.368514514779548,17.31235903366272,17.24899809470283,,17.58546259648156,0.9845252923327926,-0.534537403518442,0.534537403518442
8.29%iso-octane-91.71%tetralin,CC(C)CC(C)(C)C,C1CCC2=CC=CC=C2C1,2,"[0.8799, 0.12009999999999998]",15.51,18.030148330019593,16.309476166571038,14.661595566859635,16.833062186424826,14.891428919852501,15.9197524552809,16.598704700173634,16.852442915823087,15.96269040896317,15.723764840228291,,16.178306649019667,0.9878617639353162,0.6683066490196676,0.6683066490196676
7.76%iso-octane-92.24%1-hexene,CC(C)CC(C)(C)C,CCCCC=C,2,"[0.431, 0.569]",24.51,27.140292059785132,24.44181467698015,23.828263274342287,24.675494685922455,28.934995594618186,25.14688177132659,24.92607602871446,24.844463196209624,24.94452898996542,24.75228716739005,,25.363509744525437,1.5147114863217215,0.8535097445254358,0.8535097445254358
8.29%iso-octane-91.71%tetralin,CC(C)CC(C)(C)C,C1CCC2=CC=CC=C2C1,2,"[0.0829, 0.9171]",8.92,10.779684867317272,6.968107431591678,6.5391401385028445,9.304742711419605,11.723221117693244,7.033994352279004,6.750724894142664,7.653145765211953,6.489957439389492,6.6491424126197725,,7.989186113016752,1.9208889498805002,-0.9308138869832483,0.9308138869832483
6.71%n-heptane-53.62%iso-octane-39.67%toluene,CCCCCCC,CC(C)CC(C)(C)C,3,"[0.1983, 0.4108, 0.39089999999999997]",23.7,23.856939045157585,21.508527954950768,20.83547766526546,21.03749802567333,25.963594621072208,21.731410628080244,22.060929778839153,22.66436330068822,21.445787771330792,21.71603647487519,CC1=CC=CC=C1,22.282056526593294,1.5560573735278864,-1.4179434734067051,1.4179434734067051
6.71%n-heptane-53.62%iso-octane-39.67%toluene,CCCCCCC,CC(C)CC(C)(C)C,3,"[0.3131, 0.417, 0.2699000000000001]",29.1,28.93264958496859,27.626239963042543,26.757724161367747,26.765246071287724,31.07909810799888,27.95169672209204,28.434420949669462,28.076087533098846,27.997483464562002,28.19976241122457,CC1=CC=CC=C1,28.182040896931237,1.2230930758243705,-0.9179591030687639,0.9179591030687639
93.4%n-decane-6.6%iso-octane,CCCCCCCCCC,CC(C)CC(C)(C)C,2,"[0.807, 0.19299999999999995]",36.93,65.94589961114788,65.8188758020499,65.20101649634246,69.07983800483443,70.72060674089845,65.21674328714448,65.55467415482727,66.0571649860016,65.06166932445416,65.84566373388995,,66.45021521415906,1.8896224895128042,29.52021521415906,29.52021521415906
"5.86%n-hexadecane-94.14%2,2,4,4,6,8,8-heptamethylnonane",CCCCCCCCCCCCCCCC,,1,"[1.0, 0.0]",59.1,101.89008297253086,109.78114880582487,109.03508785177986,110.82312516811066,119.99156644658262,109.97115712876756,112.276466279745,108.8706825895616,109.95681913348685,110.21767360770623,,110.28138099840962,4.383993901580847,51.181380998409615,51.181380998409615
67.82%iso-octane-93.22%cyclohexane,CC(C)CC(C)(C)C,C1CCCCC1,2,"[0.3957, 0.6043000000000001]",18.43,19.808272459078687,17.138780908873905,16.179061235244447,17.227433528296544,19.442480419472606,16.88762998412126,17.618534168817142,18.540269625700528,16.838797999826266,17.234882482502428,,17.691614281193377,1.1861481167640102,-0.7383857188066223,0.7383857188066223
11.12%n-heptane-88.88%iso-octane,CCCCCCC,CC(C)CC(C)(C)C,2,"[0.2197, 0.7803]",27.7,27.964480672764104,27.317407877469122,25.993135971880925,26.716554724513873,27.25086039992467,28.06481411730233,27.783871331156426,27.696809234199485,27.715597088547668,28.025458904471222,,27.452899032222984,0.6611702054752728,-0.2471009677770155,0.2471009677770155
93.4%n-decane-6.6%iso-octane,CCCCCCCCCC,CC(C)CC(C)(C)C,2,"[0.4, 0.6]",32.99,43.60940725270776,44.149226797931945,43.45850319251939,45.02749053779109,44.45377207606397,44.62109380887698,43.960129102938666,43.970798216886514,44.313832468617846,44.8224076305507,,44.23866610848848,0.5080601445112191,11.248666108488479,11.248666108488479
66.2%n-dodecane-33.8%iso-octane,CCCCCCCCCCCC,CC(C)CC(C)(C)C,2,"[0.261, 0.739]",45.0,38.292818480079234,39.31417913973421,38.97029403099995,39.25324090182216,38.318952447445966,40.03076071137825,39.11723738699908,39.15584414452235,39.902281303936405,40.37768183260022,,39.27332903795179,0.6825755311561595,-5.72667096204821,5.72667096204821
79.69%n-heptane-20.31%methylcyclohexane,CCCCCCC,CC1CCCCC1,2,"[0.603, 0.397]",41.6032,43.124503143552595,40.53478624950206,40.19561952960221,41.90562763326383,47.219364980151155,40.831659750855636,41.35780757105553,41.52303380480349,40.785096425573606,40.17082513462438,,41.764832422298454,2.1132277778127007,0.1616324222984531,0.1616324222984531
79.84%n-heptane-20.16%decalin,CCCCCCC,C1CCC2CCCCC2C1,2,"[0.7984, 0.2016]",50.4604,49.9683081597038,47.61716348261626,46.8401499681363,49.889730460702175,54.865986979974366,47.75146176749547,48.292061850962,48.28364293735247,47.34827684797051,47.28838987552902,,48.81451723304424,2.371197185457419,-1.6458827669557579,1.6458827669557579
79.69%n-heptane-20.31%cycloheptane,CCCCCCC,C1CCCCCC1,2,"[0.3996, 0.6004]",40.1276,35.31994520748377,34.838779419437536,33.76083061619643,32.46154736116215,38.578701159155344,34.341101907424395,33.233751072418954,34.54074565853451,33.67739652779277,33.447941138137985,,34.420074006774385,1.6824077706019112,-5.707525993225616,5.707525993225616
7.76%iso-octane-92.24%1-hexene,CC(C)CC(C)(C)C,CCCCC=C,2,"[0.2451, 0.7549]",26.5,29.19433206259371,26.29774365791296,25.868601007414952,26.80391963163353,32.76410437633899,27.05167591821954,26.716460673171607,26.602437044934444,26.619118852403485,26.427213680894358,,27.434560690551756,2.0730416074342752,0.9345606905517556,0.9345606905517556
67.82%iso-octane-93.22%cyclohexane,CC(C)CC(C)(C)C,C1CCCCC1,2,"[0.3039, 0.6960999999999999]",18.69,19.911372836972372,17.613095012686866,16.516145640846844,17.357806488112917,20.014609347591602,17.330683443429507,17.78865568703157,18.850216263629022,17.13622745888062,17.653583016801566,,18.01723951959829,1.18108157426233,-0.6727604804017098,0.6727604804017098
93.4%n-decane-6.6%iso-octane,CCCCCCCCCC,CC(C)CC(C)(C)C,2,"[0.354, 0.646]",45.0,40.90977334603749,41.54711270639249,40.87090289316208,42.05665475128321,41.40016056054829,42.07759392021266,41.43410166830757,41.31466349550634,41.8108695874545,42.26886094896959,,41.56906938778742,0.48057499223154043,-3.4309306122125776,3.4309306122125776
66.2%n-dodecane-33.8%iso-octane,CCCCCCCCCCCC,CC(C)CC(C)(C)C,2,"[0.442, 0.558]",55.0,50.54545817694686,51.485394985766035,51.666328672656846,52.94902021613407,52.76417680615543,52.126920070344106,51.24003876637681,51.68104287330662,52.02185681017288,52.51218249576817,,51.89924198736278,0.732812135970019,-3.100758012637222,3.100758012637222
6.71%n-heptane-53.62%iso-octane-39.67%toluene,CCCCCCC,CC(C)CC(C)(C)C,3,"[0.2791, 0.5783, 0.14259999999999995]",28.9,28.81656385907764,27.960161342895944,26.784047110403517,27.21855771928672,29.658908776036405,28.471296986698135,28.57322842507037,28.25490286732742,28.36735750821931,28.518200478984436,CC1=CC=CC=C1,28.26232250739999,0.8055760461169245,-0.6376774926000088,0.6376774926000088
93.4%n-decane-6.6%iso-octane,CCCCCCCCCC,CC(C)CC(C)(C)C,2,"[0.934, 0.06599999999999995]",65.0,72.62291555909741,72.62828791240514,71.86223181879137,76.37711464416493,78.81964734046139,71.63536591749467,72.48733395683776,72.9243966972375,71.42310522276884,72.4450653498577,,73.32254644191167,2.3742375037005123,8.322546441911669,8.322546441911669
93.4%n-decane-6.6%iso-octane,CCCCCCCCCC,CC(C)CC(C)(C)C,2,"[0.467, 0.5329999999999999]",50.0,47.4403135577457,47.901210842041436,47.14529822964024,49.2078494394316,48.86899915395433,48.14239364299069,47.56483753490533,47.734929826884894,47.91063707189617,48.378553926466054,,48.02950232259564,0.6403187210359124,-1.97049767740436,1.97049767740436
79.85%n-heptane-20.15%cyclopentane,CCCCCCC,C1CCCC1,2,"[0.7985, 0.2015]",44.8567,49.10813392100191,46.638201519648426,46.30997991483167,49.16683778029676,54.33140618241282,46.61785654424582,47.290501196315205,47.70179562690318,46.66887983691715,46.47717155793762,,48.03107640805106,2.4488251895881525,3.17437640805106,3.17437640805106
93.4%n-decane-6.6%iso-octane,CCCCCCCCCC,CC(C)CC(C)(C)C,2,"[0.934, 0.06599999999999995]",65.0,72.62291555909741,72.62828791240514,71.86223181879137,76.37711464416493,78.81964734046139,71.63536591749467,72.48733395683776,72.9243966972375,71.42310522276884,72.4450653498577,,73.32254644191167,2.3742375037005123,8.322546441911669,8.322546441911669
66.2%n-dodecane-33.8%iso-octane,CCCCCCCCCCCC,CC(C)CC(C)(C)C,2,"[0.261, 0.739]",45.0,38.292818480079234,39.31417913973421,38.97029403099995,39.25324090182216,38.318952447445966,40.03076071137825,39.11723738699908,39.15584414452235,39.902281303936405,40.37768183260022,,39.27332903795179,0.6825755311561595,-5.72667096204821,5.72667096204821
79.68%n-heptane-20.32%n-butylcyclohexane,CCCCCCC,CCCCC1CCCCC1,2,"[0.5996, 0.4004]",50.2142,52.63455823479232,49.08225310117324,47.39198874751132,52.272662733506465,56.93630138093292,49.377488175405475,50.850254844647935,49.75568004945399,49.241018798793604,48.62986087096872,,50.6172066937186,2.7421846741268516,0.4030066937186021,0.4030066937186021
79.68%n-heptane-20.32%n-butylcyclohexane,CCCCCCC,CCCCC1CCCCC1,2,"[0.7968, 0.20320000000000005]",51.4173,54.32063686423116,51.52671428947838,50.21941996964588,54.64849105352393,59.456901965216844,51.63345113615122,52.65290088348764,52.279764928324276,51.393523525078194,51.0668823344053,,52.919868694954275,2.6836036307886286,1.5025686949542774,1.5025686949542774
39.8%n-decane-60.2%toluene,CCCCCCCCCC,CC1=CC=CC=C1,2,"[0.796, 0.20399999999999996]",62.14,64.21906071214325,64.29364430554438,63.64957016589554,66.93741874678494,69.87751292913958,63.10315120499165,64.63238383897374,64.86381694376963,63.08960429576737,63.90419791386624,,64.85703610568763,2.078298424601177,2.717036105687626,2.717036105687626
66.2%n-dodecane-33.8%iso-octane,CCCCCCCCCCCC,CC(C)CC(C)(C)C,2,"[0.442, 0.558]",55.0,50.54545817694686,51.485394985766035,51.666328672656846,52.94902021613407,52.76417680615543,52.126920070344106,51.24003876637681,51.68104287330662,52.02185681017288,52.51218249576817,,51.89924198736278,0.732812135970019,-3.100758012637222,3.100758012637222
79.68%n-heptane-20.32%n-butylcyclohexane,CCCCCCC,CCCCC1CCCCC1,2,"[0.2037, 0.7963]",48.4915,49.37377710281626,45.340426602028415,42.22937520693917,47.79658180021675,51.90823927277802,45.578399351557536,47.776876725535345,45.55272773004157,45.41043068614726,44.09630665669417,,46.50631411347545,2.7711451463698027,-1.9851858865245546,1.9851858865245546
23.70%n-heptane-76.30%toluene,CCCCCCC,CC1=CC=CC=C1,2,"[0.2807, 0.7193]",22.9,26.886604385744842,22.937306558707565,22.764957583878942,22.6872275555614,32.564780575589474,23.377602863362995,23.586134246571085,23.898035306551236,23.206539073756893,22.862784933714202,,24.477197308343865,3.0962467474935327,1.577197308343866,1.577197308343866
"5.86%n-hexadecane-94.14%2,2,4,4,6,8,8-heptamethylnonane",CCCCCCCCCCCCCCCC,,1,"[1.0, 0.0]",50.0,101.89008297253086,109.78114880582487,109.03508785177986,110.82312516811066,119.99156644658262,109.97115712876756,112.276466279745,108.8706825895616,109.95681913348685,110.21767360770623,,110.28138099840962,4.383993901580847,60.28138099840962,60.28138099840962
93.4%n-decane-6.6%iso-octane,CCCCCCCCCC,CC(C)CC(C)(C)C,2,"[0.4, 0.6]",46.93,43.60940725270776,44.149226797931945,43.45850319251939,45.02749053779109,44.45377207606397,44.62109380887698,43.960129102938666,43.970798216886514,44.313832468617846,44.8224076305507,,44.23866610848848,0.5080601445112191,-2.691333891511519,2.691333891511519
"5.86%n-hexadecane-94.14%2,2,4,4,6,8,8-heptamethylnonane",CCCCCCCCCCCCCCCC,,1,"[1.0, 0.0]",45.0,101.89008297253086,109.78114880582487,109.03508785177986,110.82312516811066,119.99156644658262,109.97115712876756,112.276466279745,108.8706825895616,109.95681913348685,110.21767360770623,,110.28138099840962,4.383993901580847,65.28138099840962,65.28138099840962
93.4%n-decane-6.6%iso-octane,CCCCCCCCCC,CC(C)CC(C)(C)C,2,"[0.807, 0.19299999999999995]",61.21,65.94589961114788,65.8188758020499,65.20101649634246,69.07983800483443,70.72060674089845,65.21674328714448,65.55467415482727,66.0571649860016,65.06166932445416,65.84566373388995,,66.45021521415906,1.8896224895128042,5.240215214159058,5.240215214159058
"5.86%n-hexadecane-94.14%2,2,4,4,6,8,8-heptamethylnonane",CCCCCCCCCCCCCCCC,,1,"[1.0, 0.0]",65.0,101.89008297253086,109.78114880582487,109.03508785177986,110.82312516811066,119.99156644658262,109.97115712876756,112.276466279745,108.8706825895616,109.95681913348685,110.21767360770623,,110.28138099840962,4.383993901580847,45.28138099840962,45.28138099840962
79.85%n-heptane-20.15%cyclopentane,CCCCCCC,C1CCCC1,2,"[0.1983, 0.8017]",19.3806,27.417550582369294,26.65752168552109,24.839997954913276,24.698449366326805,31.185682011367483,25.505600622603595,24.18970917505274,26.844931730260623,23.91926476011417,26.534639211928564,,26.179334710045765,2.1318198596860993,6.798734710045764,6.798734710045764
11.12%n-heptane-88.88%iso-octane,CCCCCCC,CC(C)CC(C)(C)C,2,"[0.4288, 0.5711999999999999]",36.1,35.573481256696574,35.122014597178094,34.116664640320955,35.38104781549865,36.797739668107155,35.799067356550864,35.32669580849872,35.29276700652254,35.51065583904767,35.60467202193297,,35.45248060103542,0.6592147712730041,-0.6475193989645831,0.6475193989645831
66.2%n-dodecane-33.8%iso-octane,CCCCCCCCCCCC,CC(C)CC(C)(C)C,2,"[0.346, 0.654]",50.0,44.18869671824123,45.17006534078966,45.17656279426655,45.83481319604677,45.08653368510571,45.95990851313606,44.96957249064563,45.20728681872965,45.761572690972585,46.21641728795206,,45.35714295358859,0.5936873389271076,-4.642857046411407,4.642857046411407
39.8%n-decane-60.2%toluene,CCCCCCCCCC,CC1=CC=CC=C1,2,"[0.196, 0.804]",28.58,30.620287532923122,25.955054407600688,26.1566200583357,25.695228784746934,35.42752412131447,26.90889850929207,27.372703474337484,27.08363491591519,26.97655526528455,26.698516643950292,,27.889502371370053,2.9808420309441503,-0.6904976286299451,0.6904976286299451
7.76%iso-octane-92.24%1-hexene,CC(C)CC(C)(C)C,CCCCC=C,2,"[0.3356, 0.6644]",25.34,28.175680872682044,25.376787640541295,24.84919872524192,25.786809741055162,30.89688374068114,26.128384878504615,25.855741464075273,25.806968371742254,25.828070152805523,25.612504036840548,,26.431702962416978,1.7907738197936967,1.0917029624169778,1.0917029624169778
66.2%n-dodecane-33.8%iso-octane,CCCCCCCCCCCC,CC(C)CC(C)(C)C,2,"[0.662, 0.33799999999999997]",65.0,65.08514172673323,66.16936911630894,66.25358637990848,68.51146904281785,70.34434511682764,66.06123995817676,65.93743674831299,66.47998817738541,66.07734295434784,66.84871514626089,,66.776863436708,1.5289776300756843,1.7768634367079983,1.7768634367079983
23.70%n-heptane-76.30%toluene,CCCCCCC,CC1=CC=CC=C1,2,"[0.4697, 0.5303]",34.1,33.513052794489994,31.594143474888895,30.97268384864016,30.717892609551136,38.66153138520259,32.072289072168545,32.797050473636176,32.82830628372609,31.750997381206204,32.27327854855912,,32.71812258720689,2.256731066123376,-1.3818774127931093,1.3818774127931093
79.84%n-heptane-20.16%decalin,CCCCCCC,C1CCC2CCCCC2C1,2,"[0.1993, 0.8007]",40.4283,31.047339518770862,35.21559392476334,32.05743950790467,29.827327481514352,33.0842990946364,34.5602643885004,30.22498358848931,33.93120330423378,28.943801261410865,32.437392866905526,,32.13296449371295,2.1065286575069,-8.295335506287053,8.295335506287053
6.71%n-heptane-53.62%iso-octane-39.67%toluene,CCCCCCC,CC(C)CC(C)(C)C,3,"[0.2369, 0.4908, 0.2723]",26.3,25.85552215744074,24.55179871216856,23.49106921542262,23.598129748140227,27.539642409397633,24.79436986914686,25.298090839138943,25.15698745620535,24.659614732070064,25.071033758711927,CC1=CC=CC=C1,25.00162588978429,1.149945259103675,-1.2983741102157111,1.2983741102157111
6.71%n-heptane-53.62%iso-octane-39.67%toluene,CCCCCCC,CC(C)CC(C)(C)C,3,"[0.095, 0.7593, 0.14570000000000005]",21.1,21.61002814154918,20.378381645609835,19.0987425406433,19.82220678072449,20.286548146065396,20.04032129252184,20.701495059431526,20.554354701029727,20.051102476994348,20.030019044732665,CC1=CC=CC=C1,20.25731998293023,0.6501073153150586,-0.842680017069771,0.842680017069771
8.29%iso-octane-91.71%tetralin,CC(C)CC(C)(C)C,C1CCC2=CC=CC=C2C1,2,"[0.5497, 0.45030000000000003]",10.63,14.504818571686705,11.33415620529122,10.444317997441855,13.160194658819844,13.193335890677616,11.135863453368598,11.815886301391048,12.21881807337795,11.339220914021448,10.70666586633889,,11.985327793241519,1.284238353749017,1.3553277932415178,1.3553277932415178
79.85%n-heptane-20.15%cyclopentane,CCCCCCC,C1CCCC1,2,"[0.5984, 0.40159999999999996]",36.6836,42.160348553592286,39.39931230519019,39.300800995535305,41.046415003612765,46.6888855243,39.26036946617519,39.791341153350345,40.51922294981837,39.486989251809895,39.3441173520479,,40.699780255543224,2.3096321754329345,4.016180255543226,4.016180255543226
79.69%n-heptane-20.31%methylcyclohexane,CCCCCCC,CC1CCCCC1,2,"[0.7969, 0.20309999999999995]",47.7271,49.43999979558532,47.08401894573942,46.558873167877685,49.384498955834545,54.461492373533744,47.251500653732734,47.860645707036234,48.03623868406158,47.12275755093876,46.72659747559498,,48.392662330993495,2.3590827708052293,0.6655623309934953,0.6655623309934953
23.70%n-heptane-76.30%toluene,CCCCCCC,CC1=CC=CC=C1,2,"[0.4202, 0.5798]",31.0,31.713201047398535,29.544028137904768,29.05034736844566,28.6918183778222,37.06238080758335,30.089685898225476,30.802458830000013,31.017762569089605,29.625934551234995,30.330810686197253,,30.79284282739018,2.3871079126149546,-0.20715717260981847,0.20715717260981847
"5.86%n-hexadecane-94.14%2,2,4,4,6,8,8-heptamethylnonane",CCCCCCCCCCCCCCCC,,1,"[1.0, 0.0]",60.0,101.89008297253086,109.78114880582487,109.03508785177986,110.82312516811066,119.99156644658262,109.97115712876756,112.276466279745,108.8706825895616,109.95681913348685,110.21767360770623,,110.28138099840962,4.383993901580847,50.28138099840962,50.28138099840962
39.8%n-decane-60.2%toluene,CCCCCCCCCC,CC1=CC=CC=C1,2,"[0.592, 0.40800000000000003]",54.14,52.33134373920413,53.87156016358763,52.695710944924116,54.00015911292245,57.11359607196411,53.33505966386247,54.58817865258098,54.23868034878403,52.23486288376077,53.360346290164316,,53.7769497871755,1.4169208004299942,-0.3630502128245041,0.3630502128245041
67.82%iso-octane-93.22%cyclohexane,CC(C)CC(C)(C)C,C1CCCCC1,2,"[0.7237, 0.2763]",18.2,19.68246406580797,16.9285555027744,15.877808633076222,17.527575753286104,17.339576129688396,16.653358638351772,17.736536300679813,18.087078838071264,16.875536036287315,16.79856072604223,,17.35070506240655,1.028709783889474,-0.8492949375934487,0.8492949375934487
"5.86%n-hexadecane-94.14%2,2,4,4,6,8,8-heptamethylnonane",CCCCCCCCCCCCCCCC,,1,"[1.0, 0.0]",80.0,101.89008297253086,109.78114880582487,109.03508785177986,110.82312516811066,119.99156644658262,109.97115712876756,112.276466279745,108.8706825895616,109.95681913348685,110.21767360770623,,110.28138099840962,4.383993901580847,30.281380998409617,30.281380998409617
11.12%n-heptane-88.88%iso-octane,CCCCCCC,CC(C)CC(C)(C)C,2,"[0.3255, 0.6745]",31.6,31.92566566653002,31.41985491087217,30.401401052982365,31.24023091089702,32.15590423138068,32.15651952053569,31.671742864134064,31.674078325969575,31.90847536652359,32.16006182809953,,31.671393467792466,0.5468920035078655,0.0713934677924648,0.0713934677924648
7.76%iso-octane-92.24%1-hexene,CC(C)CC(C)(C)C,CCCCC=C,2,"[0.6387, 0.36129999999999995]",22.9,24.40249748022898,22.253802272798403,21.355974947295238,22.19263527916837,24.74318264586494,22.641726153437077,22.64999563968039,22.600744819267735,22.558237018628656,22.43455346053092,,22.783334971690074,1.0205046142764707,-0.11666502830992442,0.11666502830992442
93.4%n-decane-6.6%iso-octane,CCCCCCCCCC,CC(C)CC(C)(C)C,2,"[0.603, 0.397]",43.27,54.87816267336747,55.15176945481666,54.40497718566171,57.25259165004955,57.67633250125884,55.0690851401976,54.618113348956655,55.11512634868238,54.92624664184689,55.469128569093996,,55.45615335139318,1.1023954659253885,12.18615335139318,12.18615335139318
23.70%n-heptane-76.30%toluene,CCCCCCC,CC1=CC=CC=C1,2,"[0.3258, 0.6742]",25.8,28.555672467508963,25.27352278267171,25.096142830143318,24.524306493992142,34.25016304929864,26.05594776526997,26.343243851433588,26.813100624810765,25.578818274080593,25.82557691325098,,26.831649505246066,2.832206402149719,1.0316495052460652,1.0316495052460652
79.69%n-heptane-20.31%cycloheptane,CCCCCCC,C1CCCCCC1,2,"[0.6076, 0.39239999999999997]",44.0627,42.71255650646032,40.115619633668004,39.724863555074215,40.60207602946281,46.82423859058778,40.07958830075071,40.554141488349615,40.89148343641261,40.35041749115728,39.460684761448775,,41.13156697933721,2.1882799818777308,-2.9311330206627915,2.9311330206627915
80.16%n-heptane-15.43%cyclohexane,CCCCCCC,C1CCCCC1,2,"[0.5984, 0.40159999999999996]",38.3237,42.32184437709188,39.713892070455906,39.38374900550651,40.54352335550318,46.59121452383395,39.654434042453914,40.07472400048811,40.60420141400111,40.01943060108101,39.27056392848917,,40.81775773189047,2.2092569688605477,2.4940577318904644,2.4940577318904644
79.84%n-heptane-20.16%decalin,CCCCCCC,C1CCC2CCCCC2C1,2,"[0.5982, 0.40180000000000005]",45.4308,43.991823526297665,41.622237754250015,40.75010053640574,42.628193331432584,47.712673939163736,41.86250992724985,42.10178005791153,41.96788962184365,40.99766476487693,41.11274844842973,,42.47476219078614,2.0620857288512573,-2.9560378092138606,2.9560378092138606
23.70%n-heptane-76.30%toluene,CCCCCCC,CC1=CC=CC=C1,2,"[0.3722, 0.6278]",28.3,30.157656891179265,27.446881855880804,27.202562838210024,26.58102630081691,35.581703277776505,28.196259218471305,28.538028611496838,29.08126213254681,27.533066726299605,28.26496899790336,,28.85834168505814,2.571443411250858,0.5583416850581386,0.5583416850581386
23.70%n-heptane-76.30%toluene,CCCCCCC,CC1=CC=CC=C1,2,"[0.237, 0.763]",19.8,25.03335740628949,20.467864465899485,20.463812457194564,20.65696347936952,30.537940748354806,21.06588617627693,20.862693401611974,21.60366259068489,20.800030321414237,20.347830616285055,,22.184004166338095,3.2448742790253506,2.3840041663380944,2.3840041663380944
11.12%n-heptane-88.88%iso-octane,CCCCCCC,CC(C)CC(C)(C)C,2,"[0.1112, 0.8888]",23.3,23.507194405952507,22.763515060429636,21.42223301919071,22.097116582141155,21.635459580548567,22.894370362994312,23.105958195079907,22.959252384643833,22.83339652620973,22.92750302475314,,22.61459991419435,0.6709375161626872,-0.6854000858056501,0.6854000858056501
67.82%iso-octane-93.22%cyclohexane,CC(C)CC(C)(C)C,C1CCCCC1,2,"[0.6782, 0.3218]",19.68,19.68836875410785,16.79122911626805,15.821278502467562,17.436445276537796,17.610300720938618,16.5619750140654,17.659446282956544,18.060809507090426,16.7727097916868,16.709755163315343,,17.31123181294344,1.0615790255281294,-2.36876818705656,2.36876818705656
79.68%n-heptane-20.32%n-butylcyclohexane,CCCCCCC,CCCCC1CCCCC1,2,"[0.4056, 0.5944]",49.4207,51.013007615992755,46.85242410779422,44.76147290857668,49.96082448560989,54.44544914830915,47.26265672509755,49.175437764714765,47.48777696316305,47.24480630772625,46.326663040777476,,48.45305190677618,2.7844282418066513,-0.967648093223815,0.967648093223815
79.69%n-heptane-20.31%methylcyclohexane,CCCCCCC,CC1CCCCC1,2,"[0.4012, 0.5988]",35.8905,36.450960942375346,35.2428986994936,34.22890305102408,34.3254269767083,39.73558013418545,35.27444809040892,34.66670677536335,35.573452250207836,34.54248956379671,34.05767511106127,,35.40985415946248,1.6856382634455873,-0.4806458405375196,0.4806458405375196
66.2%n-dodecane-33.8%iso-octane,CCCCCCCCCCCC,CC(C)CC(C)(C)C,2,"[0.662, 0.33799999999999997]",65.0,65.08514172673323,66.16936911630894,66.25358637990848,68.51146904281785,70.34434511682764,66.06123995817676,65.93743674831299,66.47998817738541,66.07734295434784,66.84871514626089,,66.776863436708,1.5289776300756843,1.7768634367079983,1.7768634367079983
6.71%n-heptane-53.62%iso-octane-39.67%toluene,CCCCCCC,CC(C)CC(C)(C)C,3,"[0.1332, 0.473, 0.39380000000000004]",19.8,21.477422451211567,18.628168076416028,18.06777897524766,18.738586549697096,22.326364861071443,18.7459520003748,18.785500150305225,19.617463381249983,18.473531848010275,18.534473821606475,CC1=CC=CC=C1,19.339524211519056,1.4185628578754472,-0.46047578848094517,0.46047578848094517
67.82%iso-octane-93.22%cyclohexane,CC(C)CC(C)(C)C,C1CCCCC1,2,"[0.1407, 0.8593]",19.45,20.081249173445837,18.62078856198621,17.24952636439163,17.778205879718257,21.206604206908935,18.37365437668514,18.250923747666224,19.620359745074122,17.917440981081896,18.64539793072528,,18.774415096768355,1.195640390629412,-0.6755849032316448,0.6755849032316448
6.71%n-heptane-53.62%iso-octane-39.67%toluene,CCCCCCC,CC(C)CC(C)(C)C,3,"[0.188, 0.6678, 0.1442000000000001]",25.4,25.113454430011735,24.044509284823548,22.851143662901443,23.222763589536086,25.344344761874456,24.382184148268628,24.77967236920272,24.414367067267477,24.248495658891265,24.558567991604285,CC1=CC=CC=C1,24.295950296438168,0.7743476330295372,-1.1040497035618309,1.1040497035618309
"5.86%n-hexadecane-94.14%2,2,4,4,6,8,8-heptamethylnonane",CCCCCCCCCCCCCCCC,,1,"[1.0, 0.0]",40.0,101.89008297253086,109.78114880582487,109.03508785177986,110.82312516811066,119.99156644658262,109.97115712876756,112.276466279745,108.8706825895616,109.95681913348685,110.21767360770623,,110.28138099840962,4.383993901580847,70.28138099840962,70.28138099840962
93.4%n-decane-6.6%iso-octane,CCCCCCCCCC,CC(C)CC(C)(C)C,2,"[0.61, 0.39]",55.0,55.263966553247954,55.52376273012072,54.77722360850382,57.65911846867071,58.128035607609746,55.425239114682725,54.98734309697021,55.49892262794852,55.29008294092455,55.82099309918421,,55.83746878478631,1.1266323105878013,0.83746878478631,0.83746878478631
8.29%iso-octane-91.71%tetralin,CC(C)CC(C)(C)C,C1CCC2=CC=CC=C2C1,2,"[0.3518, 0.6482]",9.22,12.83083564805083,9.334601815127662,8.617791707511762,11.335195164978677,12.360637828684876,9.137358570706583,9.458007723994196,10.213951100853146,9.113182980821792,8.71363705715645,,10.111519959788598,1.5319823769505256,0.8915199597885977,0.8915199597885977
79.54%n-heptane-20.46%cyclooctane,CCCCCCC,C1CCCCCCC1,2,"[0.198, 0.802]",27.5811,41.10737785309101,35.36425042156692,35.61618408202318,39.74052002711566,43.80093270290979,36.721512373677655,38.633732621179306,36.23157344126551,36.816773198625086,38.151112113773735,,38.21839688352279,2.6889723391806797,10.637296883522794,10.637296883522794
79.54%n-heptane-20.46%cyclooctane,CCCCCCC,C1CCCCCCC1,2,"[0.3982, 0.6018]",31.7907,44.968999392746966,40.22053522444203,40.0418482219515,44.10232242666113,48.28603201724292,41.12039737161099,42.84693741588319,41.1399442290811,41.22340380803547,41.99301627296519,,42.59434363806205,2.5614920845097466,10.803643638062049,10.803643638062049
"5.86%n-hexadecane-94.14%2,2,4,4,6,8,8-heptamethylnonane",CCCCCCCCCCCCCCCC,,1,"[1.0, 0.0]",30.0,101.89008297253086,109.78114880582487,109.03508785177986,110.82312516811066,119.99156644658262,109.97115712876756,112.276466279745,108.8706825895616,109.95681913348685,110.21767360770623,,110.28138099840962,4.383993901580847,80.28138099840962,80.28138099840962
37.6%n-decane-45.4%iso-octane-17%toluene,CCCCCCCCCC,CC(C)CC(C)(C)C,3,"[0.376, 0.454, 0.16999999999999998]",45.52,40.78137656313933,40.951866156116125,40.792170492887195,41.204679680064054,42.46021939211526,41.09916286388714,41.2545128277127,41.34075702958573,41.116675751207694,41.5922977839673,CC1=CC=CC=C1,41.259371854068256,0.48874650756129595,-4.260628145931747,4.260628145931747
"5.86%n-hexadecane-94.14%2,2,4,4,6,8,8-heptamethylnonane",CCCCCCCCCCCCCCCC,,1,"[1.0, 0.0]",70.0,101.89008297253086,109.78114880582487,109.03508785177986,110.82312516811066,119.99156644658262,109.97115712876756,112.276466279745,108.8706825895616,109.95681913348685,110.21767360770623,,110.28138099840962,4.383993901580847,40.28138099840962,40.28138099840962
6.71%n-heptane-53.62%iso-octane-39.67%toluene,CCCCCCC,CC(C)CC(C)(C)C,3,"[0.0671, 0.5362, 0.39669999999999994]",15.6,19.006286115765946,15.814223772813136,15.223074608816876,16.316687355467735,18.09398699705912,15.918512208141303,16.12343689817041,17.10731765844029,15.691034533627615,15.48273058766075,CC1=CC=CC=C1,16.477729073596315,1.2242803081525944,0.8777290735963152,0.8777290735963152
93.4%n-decane-6.6%iso-octane,CCCCCCCCCC,CC(C)CC(C)(C)C,2,"[0.744, 0.256]",59.1,62.62295845279483,62.506127348041815,61.905534813992944,65.47934869850211,66.71646313731434,62.06610067188396,62.14065262184282,62.672255419894114,61.941372770318665,62.60415521621778,,63.065496915080345,1.6497724225023316,3.965496915080344,3.965496915080344
8.29%iso-octane-91.71%tetralin,CC(C)CC(C)(C)C,C1CCC2=CC=CC=C2C1,2,"[0.2586, 0.7414000000000001]",9.2,12.132486852038706,8.490941937346191,7.882600275882234,10.589751258057694,12.095168685802932,8.363783643618612,8.505232467463518,9.32515448964476,8.151834109408323,7.9542383921998745,,9.349119211146284,1.659217569177016,0.14911921114628512,0.14911921114628512
6.71%n-heptane-53.62%iso-octane-39.67%toluene,CCCCCCC,CC(C)CC(C)(C)C,3,"[0.1629, 0.3375, 0.49959999999999993]",19.9,22.263365404490123,18.874996814600863,18.512653910200857,18.988143875538267,24.56526079938789,19.088399749693732,19.034961666835116,20.034350021145542,18.85301099486952,18.77424167724533,CC1=CC=CC=C1,19.898938491400724,1.9704917428724895,-0.0010615085992746742,0.0010615085992746742
67.82%iso-octane-93.22%cyclohexane,CC(C)CC(C)(C)C,C1CCCCC1,2,"[0.4955, 0.5045]",18.34,19.731272757013528,16.77398607719119,15.907033109970111,17.186066759420815,18.802379949034503,16.57981620209938,17.56258372849095,18.247575256186217,16.6657206764604,16.911156883439773,,17.43675913993069,1.1666787288261047,-0.9032408600693103,0.9032408600693103
7.76%iso-octane-92.24%1-hexene,CC(C)CC(C)(C)C,CCCCC=C,2,"[0.0776, 0.9224]",28.2,31.1846764530913,27.916826088216443,27.57359494395551,28.64022550319023,36.1347919731207,28.6130965253614,28.523213327628742,28.161240036213997,28.07722933397364,27.81262555133899,,29.2637519736091,2.6174978160683886,1.0637519736091008,1.0637519736091008
80.16%n-heptane-15.43%cyclohexane,CCCCCCC,C1CCCCC1,2,"[0.3983, 0.6017]",30.5606,35.18527159622001,33.93171311524793,33.075176114436644,32.6760107910629,38.738294860181455,33.58686815543186,32.8302725720686,34.16168007388588,33.51887958278793,33.134606014934405,,34.08387728762576,1.7933310692842575,3.52327728762576,3.52327728762576
"5.86%n-hexadecane-94.14%2,2,4,4,6,8,8-heptamethylnonane",CCCCCCCCCCCCCCCC,,1,"[1.0, 0.0]",20.0,101.89008297253086,109.78114880582487,109.03508785177986,110.82312516811066,119.99156644658262,109.97115712876756,112.276466279745,108.8706825895616,109.95681913348685,110.21767360770623,,110.28138099840962,4.383993901580847,90.28138099840962,90.28138099840962
37.6%n-decane-45.4%iso-octane-17%toluene,CCCCCCCCCC,CC(C)CC(C)(C)C,3,"[0.683, 0.172, 0.14499999999999996]",57.14,58.31941514638359,58.419798693038715,57.87639289102535,60.64692041413569,62.60207378090483,57.73724612760468,58.46285487013721,58.829324606798295,57.774908855767265,58.34775360689427,CC1=CC=CC=C1,58.901668899269,1.5452935911773953,1.7616688992689973,1.7616688992689973
6.71%n-heptane-53.62%iso-octane-39.67%toluene,CCCCCCC,CC(C)CC(C)(C)C,3,"[0.1093, 0.3881, 0.5026]",16.5,20.121587530448195,16.602602996462867,16.252213841867917,16.92026931582545,20.750556348809827,16.823385006493304,16.74471721157969,17.92838609616499,16.54932994294547,16.2644844655878,CC1=CC=CC=C1,17.495753275618547,1.6254600557288386,0.9957532756185472,0.9957532756185472
8.29%iso-octane-91.71%tetralin,CC(C)CC(C)(C)C,C1CCC2=CC=CC=C2C1,2,"[0.4487, 0.5513]",9.66,13.611036360353737,10.27694352555841,9.475670917665477,12.188325221840236,12.747892033002161,10.03263417671721,10.54497227132519,11.174261891563665,10.15781211835017,9.588473636422203,,10.979802215279845,1.4142907825413549,1.3198022152798448,1.3198022152798448
6.71%n-heptane-53.62%iso-octane-39.67%toluene,CCCCCCC,CC(C)CC(C)(C)C,3,"[0.3683, 0.4905, 0.14119999999999994]",32.2,32.062803950351835,31.21943941136477,30.276132575945166,30.926485301928597,33.70982050829271,31.761882725342808,31.792494239788994,31.55846988866601,31.686427179310595,31.862815637314913,CC1=CC=CC=C1,31.685677141830638,0.8872381760753658,-0.5143228581693648,0.5143228581693648
66.2%n-dodecane-33.8%iso-octane,CCCCCCCCCCCC,CC(C)CC(C)(C)C,2,"[0.519, 0.481]",59.1,55.579648565085634,56.621368263895334,56.75818396040302,58.40032039636017,58.92612541260226,57.051198719770184,56.320273878938394,56.87410795314466,56.990432762821555,57.614807101696016,,57.11364670147172,0.9786335597022734,-1.9863532985282788,1.9863532985282788
66.2%n-dodecane-33.8%iso-octane,CCCCCCCCCCCC,CC(C)CC(C)(C)C,2,"[0.346, 0.654]",50.0,44.18869671824123,45.17006534078966,45.17656279426655,45.83481319604677,45.08653368510571,45.95990851313606,44.96957249064563,45.20728681872965,45.761572690972585,46.21641728795206,,45.35714295358859,0.5936873389271076,-4.642857046411407,4.642857046411407
67.82%iso-octane-93.22%cyclohexane,CC(C)CC(C)(C)C,C1CCCCC1,2,"[0.6044, 0.39559999999999995]",18.28,19.699754899667408,16.645308458742992,15.78463627531779,17.296236480086357,18.09439352739368,16.47551897692614,17.58521010818188,18.04230776219932,16.650627633488043,16.717102594810655,,17.29910967168143,1.114970231628586,-0.9808903283185728,0.9808903283185728
93.4%n-decane-6.6%iso-octane,CCCCCCCCCC,CC(C)CC(C)(C)C,2,"[0.744, 0.256]",59.1,62.62295845279483,62.506127348041815,61.905534813992944,65.47934869850211,66.71646313731434,62.06610067188396,62.14065262184282,62.672255419894114,61.941372770318665,62.60415521621778,,63.065496915080345,1.6497724225023316,3.965496915080344,3.965496915080344
7.76%iso-octane-92.24%1-hexene,CC(C)CC(C)(C)C,CCCCC=C,2,"[0.7519, 0.2481]",21.17,22.76461796623999,21.11884692934576,20.081404149401756,20.885798463904784,22.012345118809858,21.20606196960695,21.40368207863547,21.313267507299972,21.21097758059015,20.93912883682594,,21.293613060066065,0.7070590075341648,0.12361306006606299,0.12361306006606299
"5.86%n-hexadecane-94.14%2,2,4,4,6,8,8-heptamethylnonane",CCCCCCCCCCCCCCCC,,1,"[1.0, 0.0]",50.0,101.89008297253086,109.78114880582487,109.03508785177986,110.82312516811066,119.99156644658262,109.97115712876756,112.276466279745,108.8706825895616,109.95681913348685,110.21767360770623,,110.28138099840962,4.383993901580847,60.28138099840962,60.28138099840962
39.8%n-decane-60.2%toluene,CCCCCCCCCC,CC1=CC=CC=C1,2,"[0.398, 0.602]",44.18,42.935078466322665,44.22802600102938,43.28440273118719,42.988174404461866,46.785262659571515,44.185305596012626,45.420466931249955,45.39410970181841,43.43317964886825,44.35672867053603,,44.30107348110579,1.247989800160304,0.12107348110578897,0.12107348110578897
7.76%iso-octane-92.24%1-hexene,CC(C)CC(C)(C)C,CCCCC=C,2,"[0.1592, 0.8408]",27.2,30.198299376821097,27.10310266477966,26.760427038727247,27.7318965377561,34.49339388414957,27.853791911747088,27.598865309043962,27.3842410249784,27.362029525974847,27.12523153923954,,28.361127881321757,2.3532263287103996,1.1611278813217574,1.1611278813217574
7.76%iso-octane-92.24%1-hexene,CC(C)CC(C)(C)C,CCCCC=C,2,"[0.8721, 0.1279]",21.02,21.180399440086976,20.01302860382855,18.554256906162884,19.641113997637877,18.9475651162732,19.81313566061065,20.195853316013444,20.234498144553175,19.799438664781782,19.63384787220948,,19.801313772215803,0.7170851696289681,-1.2186862277841968,1.2186862277841968
93.4%n-decane-6.6%iso-octane,CCCCCCCCCC,CC(C)CC(C)(C)C,2,"[0.201, 0.7989999999999999]",36.59,31.83992863871761,32.144409750980614,31.27114743296718,31.69222144518176,30.97499381992496,32.9313760070351,32.26403251052835,32.258951980077,32.63743304002837,33.12384900253584,,32.113834362797675,0.6885632214915076,-4.476165637202328,4.476165637202328
93.4%n-decane-6.6%iso-octane,CCCCCCCCCC,CC(C)CC(C)(C)C,2,"[0.467, 0.5329999999999999]",50.0,47.4403135577457,47.901210842041436,47.14529822964024,49.2078494394316,48.86899915395433,48.14239364299069,47.56483753490533,47.734929826884894,47.91063707189617,48.378553926466054,,48.02950232259564,0.6403187210359124,-1.97049767740436,1.97049767740436
67.82%iso-octane-93.22%cyclohexane,CC(C)CC(C)(C)C,C1CCCCC1,2,"[0.2191, 0.7809]",19.04,20.002843810344142,18.124904178367665,16.86630933591571,17.5698199684461,20.577711709123964,17.854975068096415,17.992198833161556,19.218509453650213,17.509464497262304,18.141062990054948,,18.3857799844423,1.1747345647942438,-0.6542200155576978,0.6542200155576978
66.2%n-dodecane-33.8%iso-octane,CCCCCCCCCCCC,CC(C)CC(C)(C)C,2,"[0.519, 0.481]",59.1,55.579648565085634,56.621368263895334,56.75818396040302,58.40032039636017,58.92612541260226,57.051198719770184,56.320273878938394,56.87410795314466,56.990432762821555,57.614807101696016,,57.11364670147172,0.9786335597022734,-1.9863532985282788,1.9863532985282788
79.69%n-heptane-20.31%cycloheptane,CCCCCCC,C1CCCCCC1,2,"[0.7969, 0.20309999999999995]",48.8205,49.165770693105074,46.59946467241811,46.191992066467236,48.67706409697196,54.16617115881979,46.598151469564414,47.4128822092464,47.54061799579518,46.79718168948854,46.18072875899256,,47.933002481086916,2.410671811412257,-0.8874975189130865,0.8874975189130865
7.76%iso-octane-92.24%1-hexene,CC(C)CC(C)(C)C,CCCCC=C,2,"[0.5319, 0.46809999999999996]",24.02,25.89001087254798,23.382595275617508,22.662845404317427,23.47361478057179,26.89342838196614,24.042740767995152,23.834502086627946,23.774944733376643,23.85446096808579,23.734791622359168,,24.154393489346557,1.2615392321844017,0.13439348934655726,0.13439348934655726
6.71%n-heptane-53.62%iso-octane-39.67%toluene,CCCCCCC,CC(C)CC(C)(C)C,3,"[0.0804, 0.6423, 0.2773]",18.3,20.074684972082935,17.807549898505123,16.81028154495289,17.891228564347898,19.109607448390115,17.607558069530167,17.99929597381845,18.578106832287776,17.533529774591447,17.525383346179133,CC1=CC=CC=C1,18.09372264246859,0.9335166170105802,-0.20627735753140897,0.20627735753140897
23.70%n-heptane-76.30%toluene,CCCCCCC,CC1=CC=CC=C1,2,"[0.5209, 0.47909999999999997]",36.7,35.51231448281267,33.85222303032788,33.14919803673769,32.96675073852555,40.57856846780345,34.05271763844092,34.78663454253507,34.68455807171916,33.83364569276915,34.160741318432244,,34.75773520201038,2.1802151320988,-1.9422647979896226,1.9422647979896226
79.54%n-heptane-20.46%cyclooctane,CCCCCCC,C1CCCCCCC1,2,"[0.7954, 0.2046]",45.9505,52.24719327842714,49.32339546883516,48.74146201790416,52.685381118996034,57.34088740176229,49.637551563568415,50.60071114306662,50.26110317294418,49.462637162582595,49.709004214155044,,51.000932654224165,2.5626952385478754,5.050432654224167,5.050432654224167
80.16%n-heptane-15.43%cyclohexane,CCCCCCC,C1CCCCC1,2,"[0.2012, 0.7988]",25.1206,27.687342571057425,28.588582526441353,26.679039226256243,24.479282710074393,30.955256222816796,27.917332822784818,25.46530841228786,28.131063179606603,25.930754880900388,27.42305742030662,,27.325701997253255,1.8207032830538479,2.205101997253255,2.205101997253255
"5.86%n-hexadecane-94.14%2,2,4,4,6,8,8-heptamethylnonane",CCCCCCCCCCCCCCCC,,1,"[1.0, 0.0]",55.0,101.89008297253086,109.78114880582487,109.03508785177986,110.82312516811066,119.99156644658262,109.97115712876756,112.276466279745,108.8706825895616,109.95681913348685,110.21767360770623,,110.28138099840962,4.383993901580847,55.28138099840962,55.28138099840962
79.69%n-heptane-20.31%methylcyclohexane,CCCCCCC,CC1CCCCC1,2,"[0.2011, 0.7988999999999999]",29.6308,29.45101927126467,30.785038236052706,28.511129048624372,26.92755583444094,32.234575981724575,30.64956738584096,27.85311377519982,30.61911057266804,27.288858460676728,28.58546037347194,,29.29054289399648,1.741644103581557,-0.34025710600352,0.34025710600352
8.29%iso-octane-91.71%tetralin,CC(C)CC(C)(C)C,C1CCC2=CC=CC=C2C1,2,"[0.6551, 0.3449]",11.74,15.499189133064974,12.688670451832591,11.589169827460555,14.25464112227574,13.71534633080233,12.519873783016571,13.215782518036832,13.473664266653014,12.693111081562739,12.02434099320089,,13.167378950790624,1.1395191088932954,1.427378950790624,1.427378950790624
11.12%n-heptane-88.88%iso-octane,CCCCCCC,CC(C)CC(C)(C)C,2,"[0.5297, 0.47030000000000005]",40.1,39.262037778769766,38.61255612643293,37.70831663641833,39.33182914863788,41.38733969252692,39.19815142682073,38.83518708037417,38.83365237342467,38.929938094307445,38.94984006151845,,39.10488484192312,0.9242558006021478,-0.995115158076878,0.995115158076878
8.29%iso-octane-91.71%tetralin,CC(C)CC(C)(C)C,C1CCC2=CC=CC=C2C1,2,"[0.1691, 0.8309]",9.0,11.440856134614767,7.698554104851581,7.199031604357922,9.921896192567793,11.899662314767992,7.661747507598973,7.61710652143409,8.46821227697567,7.284897842892882,7.282757515617959,,8.647472201567965,1.7884447725821346,-0.3525277984320354,0.3525277984320354
79.84%n-heptane-20.16%decalin,CCCCCCC,C1CCC2CCCCC2C1,2,"[0.398, 0.602]",42.998,37.67765238290173,37.87078813272087,36.16051984964513,35.89970053480603,40.49606873993089,37.544869467312864,35.966329318417394,37.235284092016805,35.26184872648336,36.269622922611234,,37.03826841668463,1.5024446530898403,-5.959731583315367,5.959731583315367
93.4%n-decane-6.6%iso-octane,CCCCCCCCCC,CC(C)CC(C)(C)C,2,"[0.201, 0.7989999999999999]",31.66,31.83992863871761,32.144409750980614,31.27114743296718,31.69222144518176,30.97499381992496,32.9313760070351,32.26403251052835,32.258951980077,32.63743304002837,33.12384900253584,,32.113834362797675,0.6885632214915076,0.4538343627976751,0.4538343627976751
79.85%n-heptane-20.15%cyclopentane,CCCCCCC,C1CCCC1,2,"[0.3783, 0.6216999999999999]",24.2763,34.25154481294389,32.11626818299954,31.702897591005666,32.24690373943743,38.16091806493555,31.82748749200334,31.27671755778902,33.06521546200156,31.670743458749428,32.22674862468836,,32.85454449865538,2.047601818929376,8.57824449865538,8.57824449865538
8.29%iso-octane-91.71%tetralin,CC(C)CC(C)(C)C,C1CCC2=CC=CC=C2C1,2,"[0.765, 0.235]",13.17,16.642026330593275,14.346354805244546,12.968877527946004,15.429118246123592,14.29400204850614,14.043465094431745,14.807633129324145,15.009449730135952,14.186472357807839,13.735032507316827,,14.546243177743005,1.0048000002627904,1.3762431777430049,1.3762431777430049
6.71%n-heptane-53.62%iso-octane-39.67%toluene,CCCCCCC,CC(C)CC(C)(C)C,3,"[0.2159, 0.2876, 0.4965]",22.7,24.267728059653948,21.294667563358455,20.872000130776133,21.021523086557636,27.410833382765617,21.54032741695837,21.83484194364087,22.55490412912365,21.27763028906107,21.449738147452074,CC1=CC=CC=C1,22.352419414934783,2.035138799388845,-0.3475805850652165,0.3475805850652165
80.16%n-heptane-15.43%cyclohexane,CCCCCCC,C1CCCCC1,2,"[0.8016, 0.19840000000000002]",45.403,49.2938563154877,46.8043137697796,46.38174020999581,49.05100695991288,54.39255537660658,46.80130061088907,47.525105677212906,47.773981350568775,46.99192773892479,46.482835734101734,,48.14986237434798,2.4152012430748866,2.746862374347984,2.746862374347984
93.4%n-decane-6.6%iso-octane,CCCCCCCCCC,CC(C)CC(C)(C)C,2,"[0.603, 0.397]",55.08,54.87816267336747,55.15176945481666,54.40497718566171,57.25259165004955,57.67633250125884,55.0690851401976,54.618113348956655,55.11512634868238,54.92624664184689,55.469128569093996,,55.45615335139318,1.1023954659253885,0.3761533513931852,0.3761533513931852
6.71%n-heptane-53.62%iso-octane-39.67%toluene,CCCCCCC,CC(C)CC(C)(C)C,3,"[0.2625, 0.3496, 0.3879]",26.2,26.169599583060606,24.282398091332237,23.6249965688398,23.455171927642663,29.086457809968604,24.624384154038786,24.97074909781385,25.31362425334939,24.477470683512895,24.867958452085876,CC1=CC=CC=C1,25.08728106216447,1.609478051890717,-1.1127189378355276,1.1127189378355276
6.71%n-heptane-53.62%iso-octane-39.67%toluene,CCCCCCC,CC(C)CC(C)(C)C,3,"[0.1593, 0.5659, 0.27480000000000004]",22.8,22.931385279575117,21.311253067087435,20.31008097852933,20.672419707752926,23.852783426153884,21.232287626045085,21.749857216693524,22.01200978622038,21.06699504270097,21.333312584176046,CC1=CC=CC=C1,21.64723847149347,1.0601684546060608,-1.152761528506531,1.152761528506531
