Source,Biodiesel,C8:0,C10:0,C12:0,C14:0,C16:0,C16:1,C17:0,C18:0,C18:1,C18:2,C18:3,C20:0,C20:1,C22:0,C22:1,C24:0,C24:1,CN,Total %
Gopinath (2009),Cannabis sativa Linn,0,0,0,0,0,0,0,0,15.78947368,68.42105263,15.78947368,0,0,0,0,0,0,36.4,100
Gopinath (2009),Joannesia princeps Vell,0,0,0,2.4,5.4,0,0,0,45.8,46.4,0,0,0,0,0,0,0,45.2,100
Gopinath (2009),Urtica dioica Linn,0,0,0,0,9,0,0,0,14.6,73.7,2.7,0,0,0,0,0,0,38.7,100
Gopinath (2009),Corylus avellana,0,0,0,3.206412826,3.106212425,0,0,2.605210421,88.17635271,2.905811623,0,0,0,0,0,0,0,54.5,100
Gopinath (2009),Melia azadirach Linn,0,0,0,0.102145046,8.273748723,0,0,1.225740552,21.24616956,69.15219612,0,0,0,0,0,0,0,41.4,100
Gopinath (2009),Illicium verum Hook,0,0,0,4.404404404,0,0,0,7.907907908,63.26326326,24.42442442,0,0,0,0,0,0,0,50.7,100
Gopinath (2009),Aleurites moluccana,0,0,0,0,5.516549649,0,0,6.720160481,10.53159478,48.64593781,28.58575727,0,0,0,0,0,0,34.2,100
Gopinath (2009),Broussonetia papyrifera Vent,0,0,0,0,4.127966976,0,0,6.295149639,15.27347781,73.27141383,1.031991744,0,0,0,0,0,0,41.3,100
Gopinath (2009),Croton tiglium Linn,0,0,0,11.25895599,1.228249744,0,0,0.511770727,57.31832139,29.68270215,0,0,0,0,0,0,0,49.9,100
Gopinath (2009),Moringa concanensis Nimmo,0,0,0,0,10.03102378,0,0,2.481902792,86.65977249,0.827300931,0,0,0,0,0,0,0,56.3,100
Gopinath (2009),Argemone mexicana,0,0,0,0.808080808,14.64646465,0,0,3.838383838,18.68686869,62.02020202,0,0,0,0,0,0,0,44.5,100
Gopinath (2009),Calophyllum apetalum Wild,0,0,0,0,8,0,0,14,48,30,0,0,0,0,0,0,0,51.6,100
Gopinath (2009),Terminalia chebula Retz,0,0,0,0,19.85887097,0,0,2.419354839,37.60080645,40.12096774,0,0,0,0,0,0,0,49.6,100
Gopinath (2009),Pterygota alata Rbr,0,0,0,0,14.58752515,0,0,8.551307847,44.26559356,32.59557344,0,0,0,0,0,0,0,51.1,100
Gopinath (2009),Princepia utilis Royle,0,0,0,1.842374616,15.55783009,0,0,4.60593654,33.36745138,44.62640737,0,0,0,0,0,0,0,48.9,100
Gopinath (2009),Vallaris solanacea Kuntze,0,0,0,0,7.39979445,0,0,14.7995889,36.27954779,41.52106886,0,0,0,0,0,0,0,50.3,100
Gopinath (2009),Mappia foetida Milers,0,0,0,0,7.1,0,0,17.7,38.4,0,36.8,0,0,0,0,0,0,50.7,100
Gopinath (2009),Mesua ferrea Linn,0,0,0,0.908173562,10.89808274,0,0,12.51261352,60.54490414,15.13622603,0,0,0,0,0,0,0,55.1,100
Gopinath (2009),Rhus succedanea Linn,0,0,0,0,25.4,0,0,0,46.8,27.8,0,0,0,0,0,0,0,52.2,100
Gopinath (2009),Aegle marmelos correa Roxb,0,0,0,0,16.6,0,0,8.8,30.5,36,8.1,0,0,0,0,0,0,48.3,100
Gopinath (2009),Putranjiva roxburghii,0,0,0,0,8.24742268,0,0,15.46391753,57.73195876,18.55670103,0,0,0,0,0,0,0,55,100
Gopinath (2009),Thevetia peruviana Merrill,0,0,0,0,15.6626506,0,0,10.54216867,61.14457831,5.220883534,7.429718876,0,0,0,0,0,0,57.5,100
Gopinath (2009),Jatropa curcas Linn,0,0,0,1.40562249,15.6626506,0,0,9.738955823,40.96385542,32.22891566,0,0,0,0,0,0,0,52.3,100
Gopinath (2009),Meyna laxiflora Robyns,0,0,0,0,18.8,0,0,9,32.5,39.7,0,0,0,0,0,0,0,50.4,100
Gopinath (2009),Swietenia mahagoni Jacq,0,0,0,0,9.5,0,0,18.4,56,0,16.1,0,0,0,0,0,0,52.3,100
Gopinath (2009),Balanites roxburghii Planch,0,0,0,0,17.76384535,0,0,8.150470219,33.85579937,32.70637409,7.523510972,0,0,0,0,0,0,50.5,100
Gopinath (2009),Annona reticulata Linn,0,0,0,1.043841336,17.95407098,0,0,7.828810021,50.52192067,22.65135699,0,0,0,0,0,0,0,53.5,100
Gopinath (2009),Azadirachta indica,0,0,0,0,15.09625127,0,0,14.58966565,62.71529889,7.598784195,0,0,0,0,0,0,0,57.8,100
Gopinath (2009),Mimusops hexendra Roxb,0,0,0,0,19.19191919,0,0,14.14141414,63.63636364,3.03030303,0,0,0,0,0,0,0,59.3,100
Gopinath (2009),Celastrus paniculatus Linn,0,0,0,0,26.06438214,0,0,6.957424714,47.87123572,15.99169263,3.115264798,0,0,0,0,0,0,51.9,100
Gopinath (2009),Madhuca indica JF Gmel,0,0,0,1.030927835,18.35051546,0,0,14.43298969,47.73195876,18.45360825,0,0,0,0,0,0,0,56.6,100
Gopinath (2009),Aphanamixis polystachya Park,0,0,0,0,23.1,0,0,12.8,21.5,29,13.6,0,0,0,0,0,0,48.5,100
Gopinath (2009),Canarium commune Linn,0,0,0,0,29,0,0,9.7,38.3,21.8,1.2,0,0,0,0,0,0,55.6,100
Gopinath (2009),Holoptelia integrifolia,0,0,0,3.630705394,36.41078838,0,0,4.668049793,55.29045643,0,0,0,0,0,0,0,0,61.2,100
Gopinath (2009),Garcinia echinocarpa Thw,0,0,0,0,3.7,0,0,43.7,52.6,0,0,0,0,0,0,0,0,63.1,100
Gopinath (2009),Garcinia morella Desr,0,0,0,0,0.717948718,0,0,47.58974359,50.76923077,0.923076923,0,0,0,0,0,0,0,63.5,100
Gopinath (2009),Anamirta cocculus Wight & Hrn,0,0,0,0,6.1,0,0,47.5,46.4,0,0,0,0,0,0,0,0,64.3,100
Gopinath (2009),Myristica malabarica Lam,0,0,0,39.2,13.3,0,0,2.4,44.1,1,0,0,0,0,0,0,0,61.8,100
Gopinath (2009),Garcinia indica Choisy,0,0,0,0,2.5,0,0,56.4,39.4,1.7,0,0,0,0,0,0,0,65.2,100
Gopinath (2009),Madhuca butyracea Mac,0,0,0,0,66,0,0,3.5,27.5,3,0,0,0,0,0,0,0,65.3,100
Gopinath (2009),Neolitsea umbrosa Gamble,0,0,60.12207528,11.69888098,0,0,0,0,21.36317396,6.815869786,0,0,0,0,0,0,0,60.8,100
Gopinath (2009),Salvadora oleoides Decne,0,0,35.88709677,51.10887097,4.536290323,0,0,0,8.366935484,0.100806452,0,0,0,0,0,0,0,66.1,100
Gopinath (2009),Neolitsea cassia Linn,0,0,88.55670103,3.917525773,0,0,0,0,4.12371134,0,3.402061856,0,0,0,0,0,0,64.1,100
Gopinath (2009),Actinodaphne angustifolia,0,0,91.84952978,1.985370951,0.52246604,0,0,0,5.642633229,0,0,0,0,0,0,0,0,63.2,100
Gopinath (2009),Litsea glutinosa Robins,0,0,97.6673428,0,0,0,0,0,2.332657201,0,0,0,0,0,0,0,0,64.8,100
Gopinath (2009),Soybean,0,0,0.100806452,0.100806452,10.28225806,0,0,3.72983871,22.98387097,54.13306452,8.669354839,0,0,0,0,0,0,48,100
Gopinath (2009),Cottonseed,0,0,0.101214575,1.012145749,20.34412955,0,0,2.631578947,19.43319838,55.87044534,0.607287449,0,0,0,0,0,0,52.1,100
Gopinath (2009),Jatropha:coconut 50:50,0,0,21.63561077,10.76604555,14.18219462,0,0,7.453416149,27.01863354,18.84057971,0.103519669,0,0,0,0,0,0,58,100
Piloto-Rodriguez (2013),Holoptelia integrifolia,0,0,0,3.560528993,35.70701933,1.932858596,0,4.577822991,54.22177009,0,0,0,0,0,0,0,0,61.2,100
Piloto-Rodriguez (2013),Euphorbia helioscopia L,0,0,2.802802803,5.505505506,9.90990991,0,0,1.101101101,15.81581582,22.12212212,42.74274274,0,0,0,0,0,0,34.2,100
Piloto-Rodriguez (2013),Actinodaphne angust.,0,0,91.84952978,1.985370951,0.52246604,0,0,5.642633229,0,0,0,0,0,0,0,0,0,63.2,100
Piloto-Rodriguez (2013),Neolitsea cassia Linn,0,0,88.55670103,3.917525773,0,0,0,0,4.12371134,3.402061856,0,0,0,0,0,0,0,64,100
Piloto-Rodriguez (2013),Salvadora persica Linn,0,0,19.77800202,54.99495459,19.77800202,0,0,0,5.449041372,0,0,0,0,0,0,0,0,67.5,100
Piloto-Rodriguez (2013),Basella rubra Linn,0,0,0,0.4,19.7,0.4,0,6.5,50.3,21.6,1.1,0,0,0,0,0,0,54,100
Piloto-Rodriguez (2013),Garcinia combogia D.,0,0,0,0,2.3,0,0,38.3,57.9,0.8,0.4,0,0.3,0,0,0,0,61.5,100
Piloto-Rodriguez (2013),Melia azadirach Linn,0,0,0,0.100603622,8.14889336,1.509054326,0,1.207243461,20.92555332,68.10865191,0,0,0,0,0,0,0,41.4,100
Piloto-Rodriguez (2013),Tectona grandis Linn,0,0,0,0.204708291,11.25895599,0,0,10.44012282,30.19447288,47.49232344,0.409416581,0,0,0,0,0,0,48.3,100
Piloto-Rodriguez (2013),Canola,0,0,0,0.103519669,5.383022774,0.207039337,0,2.587991718,60.14492754,29.08902692,0.414078675,0,1.6563147,0,0.414078675,0,0,55,100
Piloto-Rodriguez (2013),Lard,0,0,0.103626943,1.968911917,25.38860104,2.901554404,0,14.92227979,39.68911917,13.88601036,0.310880829,0,0.725388601,0,0.103626943,0,0,63.6,100
Piloto-Rodriguez (2013),Linseed,0,0,0,0,5,0,0,2,20,18,55,0,0,0,0,0,0,52,100
Mishra (2016),almond,0,0,0,0,10.36889332,0.498504487,0,2.891326022,76.86939182,7.577268195,0.797607178,0.299102692,0,0.099700897,0,0.199401795,0.398803589,57,100
Mishra (2016),camelina,0,0,0.391772772,2.64446621,5.97453477,0,0,2.742409403,16.45445642,16.6503428,34.86777669,1.371204701,14.10381978,0.881488737,3.036238981,0.685602351,0.195886386,50.4,100
Mishra (2016),camelina,0,0,0,0,6.418350168,0,0,3.051346801,19.14983165,26.09427609,25.56818182,0,13.46801347,3.514309764,2.735690236,0,0,49,100
Mishra (2016),canola,0,0,0,0,4.460488577,0.356047869,0.13846306,1.978043715,59.66768866,21.00682425,9.385817427,0.613193552,1.473642568,0.34615765,0.41538918,0.158243497,0,54.8,100
Mishra (2016),canola,0,0,0,0,3.96000396,0,0,1.881001881,61.28106128,19.10701911,9.207009207,0,1.188001188,3.375903376,0,0,0,56.2,100
Mishra (2016),canola,0,0.098716683,0,0,4.146100691,0.296150049,0.098716683,1.974333662,59.6248766,20.92793682,9.476801579,0.691016782,1.480750247,0.296150049,0.493583416,0.197433366,0.197433366,53.7,100
Mishra (2016),corn,0,0,0,0,11.74072969,0.119296153,0,2.11750671,27.18958147,57.40133214,0.626304802,0.338005766,0.32806442,0,0,0.139178845,0,52.5,100
Mishra (2016),corn,0,0,0,0,6.513026052,0.601202405,0,1.402805611,65.73146293,25.250501,0.100200401,0.100200401,0.100200401,0,0.100200401,0.100200401,0,53,100
Mishra (2016),cottonseed,0,0,0,0.717060054,25.8241211,0.358530027,0,1.73289513,15.91474953,54.89493078,0.159346679,0.219101683,0.069714172,0.109550842,0,0,0,53.3,100
Mishra (2016),cottonseed,0,0,0.020663292,0.330612667,22.78127906,0.134311396,0,2.241967145,16.66494473,57.56793057,0.258291146,0,0,0,0,0,0,51.9,100
Mishra (2016),cottonseed,0,0,0,0.8,22.9,0,0,3.1,18.5,54.2,0.5,0,0,0,0,0,0,52.1,100
Mishra (2016),croton,0,0,0,0.095666316,6.935807902,0.095666316,0.095666316,3.281354635,10.33196212,73.90222903,5.165981058,0,0.095666316,0,0,0,0,50.6,100
Mishra (2016),high oleic sunflower,0,0,0,0,4.609218437,0.100200401,0,3.406813627,62.9258517,27.55511022,0.100200401,0.300601202,0,0.701402806,0,0.300601202,0,53,100
Mishra (2016),Jatropha,0,0,0,0.147958177,14.22371276,0.680607615,0.078911028,5.740777274,42.22726376,34.89840205,0.226869205,0.088774906,0.098638785,0.138094299,0,1.449990136,0,55.7,100
Mishra (2016),Jatropha,0,0,0.097370983,0.29211295,14.50827653,0.973709834,0.097370983,5.93962999,39.33787731,35.24829601,0.29211295,0.194741967,0.097370983,0.194741967,0.097370983,2.53164557,0.097370983,55.7,100
Mishra (2016),Jatropha,0,0,0,0.1,14.9,0,0,9.5,40.5,34.7,0.3,0,0,0,0,0,0,54,100
Mishra (2016),JP 50:50a,0,0,0.13,0.48,28.06,0,0,7.7,42.66,20.06,0.17,0,0,0.74,0,0,0,59,100
Mishra (2016),JT 80:20b,0,0,0.12,0.64,16.58,0,0,11.48,40.88,28.34,0.42,0,0,1.54,0,0,0,59.2,100
Mishra (2016),karanja,0,0,0,0,10.45306201,0,0,7.573430601,51.41101939,20.48377808,2.006143214,1.746976387,1.103858706,3.945095028,0,1.276636591,0,55.4,100
Mishra (2016),mahua,0,0,0,0,24.2,0,0,25.8,37.2,12.8,0,0,0,0,0,0,0,61.4,100
Mishra (2016),neem,0,0,0.83,0.47,18.2,0,0,20.1,43.7,16.4,0.3,0,0,0,0,0,0,58.7,100
Mishra (2016),olive,0,0,0,0.04950495,11.35643564,0.891089109,0.069306931,2.801980198,73.78217822,9.445544554,0.504950495,0.485148515,0.287128713,0.158415842,0,0.168316832,0,58.9,100
Mishra (2016),olive,0,0,0,0,11.6,1,0,3.1,75,7.8,0.6,0.3,0,0.1,0,0.5,0,57,100
Mishra (2016),palm,0.079896135,0.059922101,0.369519624,1.128532907,42.33496455,0.169779287,0.059922101,4.194547089,40.85688605,9.957055827,0.289623489,0.289623489,0.15979227,0,0,0.049935084,0,61.2,100
Mishra (2016),palm,0.788954635,0.493096647,0.295857988,1.084812623,41.91321499,0.197238659,0.098619329,4.142011834,40.72978304,9.368836292,0.295857988,0.295857988,0.098619329,0.098619329,0,0.098619329,0,60.4,100
Mishra (2016),palm,0,0,0.1,0.7,36.7,0.1,0,6.6,46.1,8.6,0.3,0.4,0.2,0.1,0,0.1,0,61,100
Mishra (2016),palm,0,0,0.292397661,0.877192982,43.43617665,0.120992136,0,4.3456342,40.88525912,9.719701553,0.322645695,0,0,0,0,0,0,62.76,100
Mishra (2016),peanut,0,0,0,0,11.63888015,0,0,4.424871553,49.52291077,33.70032505,0.713012478,0,0,0,0,0,0,54.31,100
Mishra (2016),peanut,0,0,0,0,10.35900521,0,0,2.797833935,47.76373847,31.60850381,0.641797032,1.073004412,1.484155636,2.868030485,0.100280786,1.303650221,0,54.9,100
Mishra (2016),peanut,0,0,0,0.1,8,0,0,1.8,53.3,28.4,0.3,0.9,2.4,3,0,1.8,0,53,100
Mishra (2016),rapeseed,0,0,0,0.039812879,4.050960486,0.228924057,0.069672539,1.542749079,61.94884045,20.51358615,8.679207724,0.865930128,1.084900965,0.268736936,0.706678611,0,0,54.1,100
Mishra (2016),rapeseed,0,0.60362173,0.100603622,0,4.225352113,0.100603622,0.100603622,1.609657948,59.85915493,21.62977867,8.450704225,0.402414487,2.112676056,0.301810865,0.503018109,0,0,53.7,100
Mishra (2016),rapeseed,0,0,0,0.020335536,4.128113879,0.040671073,0,1.220132181,64.17895272,21.63701068,8.774783935,0,0,0,0,0,0,52.86,100
Mishra (2016),rapeseed,0,0,0,0,4.895104895,0,0,1.598401598,32.96703297,20.37962038,7.892107892,0,9.290709291,0,22.97702298,0,0,55,100
Mishra (2016),rice bran,0,0,0.079856259,0.449191455,18.0874426,0.199640647,0,2.166101018,42.27390697,34.77740068,0.928329008,0.449191455,0.219604712,0.209622679,0,0.159712517,0,56.3,100
Mishra (2016),rubberseed,0,0,0,0.511022044,9.408817635,0.130260521,0,9.428857715,24.26853707,38.19639279,17.5751503,0.280561122,0.120240481,0.080160321,0,0,0,50.4,100
Mishra (2016),rubberseed,0,0,0,0.24,12.46,0,0,8.32,27.78,37.65,13.44,0,0,0.11,0,0,0,51,100
Mishra (2016),safflower,0,0,0,0.080208542,7.43934229,0.050130339,0,2.386204131,14.44756367,75.50631642,0.09023461,0,0,0,0,0,0,51.8,100
Mishra (2016),safflower,0,0,0,0.100401606,8.232931727,0.100401606,0,2.510040161,14.25702811,74.59839357,0.100401606,0.100401606,0,0,0,0,0,51.1,100
Mishra (2016),soybean,0,0,0.790123457,0.118518519,11.29876543,0.158024691,0,4.088888889,23.18024691,52.8,6.558024691,0.325925926,0.217283951,0.266666667,0.069135802,0.128395062,0,51.8,100
Mishra (2016),soybean,0,0,0.099403579,0.099403579,11.53081511,0.198807157,0.099403579,3.876739563,23.55864811,53.28031809,5.864811133,0.298210736,0.298210736,0.298210736,0.099403579,0.099403579,0.298210736,51.3,100
Mishra (2016),soybean,0,0,0,0.060612183,10.74856046,0.141428427,0,3.919587837,32.71037479,46.83301344,5.586422871,0,0,0,0,0,0,50.7,100
Mishra (2016),soybean,0,0,0,0,10.23993575,0,0,4.216444132,21.78496135,53.30790081,7.027406887,0,0,3.423351069,0,0,0,51.8,100
Mishra (2016),soybean,0,0,0,0,11.3,0.1,0,3.6,24.9,53,6.1,0.3,0.3,0,0.3,0.1,0,49,100
Mishra (2016),sunflower,0,0,0,0.039888313,6.242520941,0.059832469,0,3.919026725,20.71200638,67.56082968,0.149581173,0.229357798,0.129637016,0.698045473,0,0.259274033,0,51.9,100
Mishra (2016),sunflower,0,0,0.098716683,0.098716683,6.31786772,0.098716683,0.098716683,3.553800592,21.42152024,65.44916091,1.480750247,0.296150049,0.197433366,0.592300099,0.098716683,0.197433366,0,51.1,100
Mishra (2016),sunflower,0,0,0,0,6.2,0.1,0,3.7,25.2,63.1,0.2,0.3,0.2,0.7,0.1,0.2,0,50,100
Mishra (2016),tallow,0,0.102145046,0.204290092,2.655771195,24.82124617,2.655771195,1.430030644,18.59039837,43.1052094,4.494382022,0.919305414,0.204290092,0.612870276,0.102145046,0.102145046,0,0,60.4,100
Mishra (2016),waste cooking,0,0,0.200601805,0.672016048,15.73721163,0.73219659,0.200601805,6.158475426,42.96890672,29.44834504,2.036108325,0.391173521,0.561685055,0.441323972,0.150451354,0.300902708,0,56.2,100
Mishra (2016),yellow grease,0,0,0.195503421,0.782013685,16.12903226,0.879765396,0.097751711,6.940371457,43.59726295,24.53567937,1.075268817,0.293255132,0.488758553,0.391006843,0.097751711,0.195503421,4.301075269,56.3,100
Giakoumis (2019),LME [18],0,0,0.071501532,1.02145046,26.58835546,0,0,15.32175689,46.40449438,10.08171604,0.51072523,0,0,0,0,0,0,63.6,100
Giakoumis (2019),SFME [19],0,0,0,0,6,0.1,0,2.9,17,74,0,0,0,0,0,0,0,49,100
Giakoumis (2019),WPME [19],0,0,0,1.009081736,39.35418769,0.201816347,0,4.339051463,44.09687185,10.59535822,0.201816347,0,0.201816347,0,0,0,0,60.4,100
Giakoumis (2019),JME [54],0,0,0,0.0999001,14.18581419,0,0,7.092907093,43.15684316,34.86513487,0.1998002,0.1998002,0.0999001,0,0,0.0999001,0,54,100
Giakoumis (2019),JME [51],0,0,0,0,14.2,1.4,0,6.9,43.1,34.4,0,0,0,0,0,0,0,57.1,100
Giakoumis (2019),PGME [51],0,0,0,0,9.8,0,0,6.2,72.2,11.8,0,0,0,0,0,0,0,55.1,100
Giakoumis (2019),SME [53],0,0,0,0,8.872756604,0.090744102,0,4.587618471,24.35974995,53.10546481,7.80399274,0.39322444,0.231901593,0.413389796,0.010082678,0.131074813,0,47.7,100
Giakoumis (2019),RME [44],0,0,0,0,7.34989648,0,0,2.277432712,60.45548654,22.15320911,7.763975155,0,0,0,0,0,0,54,100
Giakoumis (2019),RME [52],0,0,0,0.102459016,4.713114754,0.307377049,0,1.844262295,62.19262295,19.56967213,8.504098361,0.614754098,1.43442623,0.307377049,0.307377049,0.102459016,0,52.2,100
Giakoumis (2019),SME [45],0,0,0,0,11.70117012,0,0,3.97039704,21.27212721,53.70537054,8.120812081,1.230123012,0,0,0,0,0,51.3,100
Giakoumis (2019),PEME [45],0,0,0,0,17.21721722,0,0,2.702702703,40.54054054,36.63663664,0.500500501,0.900900901,0,1.501501502,0,0,0,54,100
Giakoumis (2019),CRME [45],0,0,0,0,11.4,0,0,1.3,27.1,60.2,0,0,0,0,0,0,0,55.4,100
Giakoumis (2019),SFME [45],0,0,0,0,4.914744233,0,0,2.306920762,32.69809428,59.57873621,0,0,0,0.501504514,0,0,0,51.6,100
Giakoumis (2019),RME [45],0,0,0,0,5.2,0,0,1.4,66,18.9,5.6,1.9,0,1,0,0,0,54.5,100
Giakoumis (2019),PME [45],0,0,0.5,1.6,49.8,0,0,2.9,38.6,6.6,0,0,0,0,0,0,0,62,100
Giakoumis (2019),PKME [45],3.6,3.1,48,14.7,11.5,0,0,1.4,15.9,1.8,0,0,0,0,0,0,0,62.1,100
Giakoumis (2019),WFME [45],0,0,1.616161616,1.515151515,27.57575758,0,0,4.949494949,36.46464646,25.95959596,1.919191919,0,0,0,0,0,0,55,100
Giakoumis (2019),SME [47],0,0,0,0.1,11.3,0.2,0,4.6,23,52.8,7.7,0.3,0,0,0,0,0,51,100
Giakoumis (2019),SME [48],0,0,0,0,10.69042316,0,0,4.798542215,22.78801377,53.03705203,8.321522575,0.364446244,0,0,0,0,0,51.5,100
Giakoumis (2019),SME [55],0,0,0,0.090479542,10.59615965,0.130692671,0,3.910726852,23.3035086,49.18065748,8.283904695,1.71911129,0.71378305,1.890017091,0.180959083,0,0,47.2,100
Giakoumis (2019),CAME [55],0,0,0,0.070408369,5.28062764,0.221283444,0,2.70569302,58.42888755,21.91711929,7.081070207,1.04606719,1.699859183,1.176825588,0.372158519,0,0,55,100
Giakoumis (2019),LME [55],0,0,0.12021639,1.863354037,24.62432378,2.805049088,0,15.3075536,38.38910038,13.53436185,1.031857343,0.450811461,0.771388499,1.041875376,0.060108195,0,0,63.6,100
Giakoumis (2019),TME1 [55],0,0,0.060036022,2.911747048,25.92555533,3.442065239,0,22.12327396,40.25415249,2.821693016,0.650390234,0.290174104,1.020612367,0.410246148,0.090054032,0,0,62.9,100
Giakoumis (2019),TME2 [55],0,0,0.081152364,2.16068168,24.27470075,2.830188679,0,22.19517143,39.09515115,6.766078312,0.852099817,0.344897545,0.649218909,0.68979509,0.060864273,0,0,61.7,100
Giakoumis (2019),YGME [55],0,0,0,0,11.5519487,0.180342651,0,13.38543232,60.78549244,12.66406172,0,0.410780483,0.21039976,0.81154193,0,0,0,57.8,100
Giakoumis (2019),SME [42],0,0,0,0,11.00330099,0,0,4.131239372,25.12753826,53.3860158,6.351905572,0,0,0,0,0,0,54,100
Giakoumis (2019),Camelina [56],0,0,0,0.102145046,6.945863126,0,0,2.757916241,20.12257406,20.02042901,33.29928498,1.532175689,12.6659857,0.204290092,2.349336057,0,0,52.8,100
Giakoumis (2019),Coriander [57],0,0,0,0,5.36437247,0.303643725,0,3.137651822,78.03643725,13.15789474,0,0,0,0,0,0,0,53.3,100
Giakoumis (2019),Macadamia [58],0,0,0,0.602847937,8.574992205,15.99625819,0,3.68984513,63.49651803,1.93327097,0,3.055815404,2.650452136,0,0,0,0,57.5,100
Giakoumis (2019),SME [50],0,0,0,0,11.47208122,0,0,4.568527919,23.75634518,52.89340102,7.30964467,0,0,0,0,0,0,51.8,100
Giakoumis (2019),RSME [46],0,0,0,0,19.6419642,0,0,5.470547055,27.82278228,35.17351735,11.89118912,0,0,0,0,0,0,52.5,100
Giakoumis (2019),GME [26],0,0,0,0.100502513,6.934673367,0.100502513,0,4.020100503,19.09547739,69.44723618,0.301507538,0,0,0,0,0,0,48,100
Giakoumis (2019),SME [49],0,0,0,0,9,0,0,4,23,51,13,0,0,0,0,0,0,49,100
Giakoumis (2019),SFME [49],0,0,0,0,9,0,0,7,10,74,0,0,0,0,0,0,0,47,100
