Name,mixture_components,fuel_type,ignition_delay_CAD,fuel_1,fraction_fuel_1,fuel_2,fraction_fuel_2,fuel_3,fraction_fuel_3,fuel_4,fraction_fuel_4,fuel_5,fraction_fuel_5,fuel_6,fraction_fuel_6,fuel_7,fraction_fuel_7,fuel_8,fraction_fuel_8,fuel_9,fraction_fuel_9,fuel_10,fraction_fuel_10,fuel_11,fraction_fuel_11,CN_Measured,CN_Regression,YSI_Unified_Measured,YSI_Unified_Regression,fuel_type_smiles,fuel_1_smiles,fuel_2_smiles,fuel_3_smiles,fuel_4_smiles,fuel_5_smiles,fuel_6_smiles,fuel_7_smiles,fuel_8_smiles,fuel_9_smiles,fuel_10_smiles,fuel_11_smiles
RFD,"toluene : 30, n-heptane : 70",Diesel,4.6,toluene,0.3,n-heptane,0.7,,,,,,,,,,,,,,,,,,,,,,,,CC1=CC=CC=C1,CCCCCCC,,,,,,,,,
Date pit methyl ester,"C8:0: 1.5, C10:0: 1.5, C12:0: 20.1, C14:0 : 10.4, C16:0 :13.6, C18:0 : 2.8, C18:1 : 32.7, C18:2 : 7.5, C18:3 : 1.3",B100 Biodiesel,4,C8:0,0.015,C10:0,0.015,C12:0,0.201,C14:0,0.104,C16:0,0.136,C18:0,0.028,C18:1,0.327,C18:2,0.075,C18:3,0.013,,,,,,,,,,CCCCCCCC(=O)O,CCCCCCCCCC(=O)O,CCCCCCCCCCCC(=O)O,CCCCCCCCCCCCCC(=O)O,CCCCCCCCCCCCCCCC(=O)O,CCCCCCCCCCCCCCCCCC(=O)O,CCCCCCCCC=CCCCCCCCC(=O)O,CCCCCC=CCC=CCCCCCCCC(=O)O,CCC=CCC=CCC=CCCCCCCCC(=O)O,,
Rapeseed methyl ester,"C16:0 :7.6, C16:1 : 0.6, C18:0 : 2.3, C18:1 : 51.7, C18:2 : 19.7, C18:3 : 9.1",B100 Biodiesel,4,C16:0,0.076,C16:1,0.006,C18:0,0.023,C18:1,0.517,C18:2,0.197,C18:3,0.091,,,,,,,,,,,,,,,,CCCCCCCCCCCCCCCC(=O)O,,CCCCCCCCCCCCCCCCCC(=O)O,CCCCCCCCC=CCCCCCCCC(=O)O,CCCCCC=CCC=CCCCCCCCC(=O)O,CCC=CCC=CCC=CCCCCCCCC(=O)O,,,,,
Soybean methyl ester,"C16:0 :13.6, C18:0 : 6, C18:1 : 21.5, C18:2 : 41.7, C18:3 : 10.9",B100 Biodiesel,4,C16:0,0.136,C18:0,0.06,C18:1,0.215,C18:2,0.417,C18:3,0.109,,,,,,,,,,,,,,,,,,CCCCCCCCCCCCCCCC(=O)O,CCCCCCCCCCCCCCCCCC(=O)O,CCCCCCCCC=CCCCCCCCC(=O)O,CCCCCC=CCC=CCCCCCCCC(=O)O,CCC=CCC=CCC=CCCCCCCCC(=O)O,,,,,,
Soybean methyl ester B10 + RFD,"Soybean methyl ester : 10 , RFD: 90",B10 Biodiesel,4.4,C16:0,0.0136,C18:0,0.006,C18:1,0.0215,C18:2,0.0417,C18:3,0.0109,toluene,0.27,n-heptane,0.63,,,,,,,,,,,,,,CCCCCCCCCCCCCCCC(=O)O,CCCCCCCCCCCCCCCCCC(=O)O,CCCCCCCCC=CCCCCCCCC(=O)O,CCCCCC=CCC=CCCCCCCCC(=O)O,CCC=CCC=CCC=CCCCCCCCC(=O)O,CC1=CC=CC=C1,CCCCCCC,,,,
Rapeseed methyl ester B9.9 + RFD,"Rapeseed methyl ester : 9.9, RFD : 90.1",B9.9 Biodiesel,4.4,C16:0,0.007524,C16:1,0.000594,C18:0,0.002277,C18:1,0.051183,C18:2,0.019503,C18:3,0.009009,toluene,0.2703,n-heptane,0.6307,,,,,,,,,,,,CCCCCCCCCCCCCCCC(=O)O,,CCCCCCCCCCCCCCCCCC(=O)O,CCCCCCCCC=CCCCCCCCC(=O)O,CCCCCC=CCC=CCCCCCCCC(=O)O,CCC=CCC=CCC=CCCCCCCCC(=O)O,CC1=CC=CC=C1,CCCCCCC,,,
Date pit methyl ester B19.8 + RFD,"Date pit methyl ester : 19.8, RFD : 80.2",B19.8 Biodiesel,4.4,C8:0,0.00297,C10:0,0.00297,C12:0,0.039798,C14:0,0.020592,C16:0,0.026928,C18:0,0.005544,C18:1,0.064746,C18:2,0.01485,C18:3,0.002574,toluene,0.2406,n-heptane,0.5614,,,,,,CCCCCCCC(=O)O,CCCCCCCCCC(=O)O,CCCCCCCCCCCC(=O)O,CCCCCCCCCCCCCC(=O)O,CCCCCCCCCCCCCCCC(=O)O,CCCCCCCCCCCCCCCCCC(=O)O,CCCCCCCCC=CCCCCCCCC(=O)O,CCCCCC=CCC=CCCCCCCCC(=O)O,CCC=CCC=CCC=CCCCCCCCC(=O)O,CC1=CC=CC=C1,CCCCCCC
Soybean methyl ester B19.9 + RFD,"Soybean methyl ester : 19.9, RFD : 80.1",B19.9 Biodiesel,4.4,C16:0,0.027064,C18:0,0.01194,C18:1,0.042785,C18:2,0.082983,C18:3,0.021691,toluene,0.2403,n-heptane,0.5607,,,,,,,,,,,,,,CCCCCCCCCCCCCCCC(=O)O,CCCCCCCCCCCCCCCCCC(=O)O,CCCCCCCCC=CCCCCCCCC(=O)O,CCCCCC=CCC=CCCCCCCCC(=O)O,CCC=CCC=CCC=CCCCCCCCC(=O)O,CC1=CC=CC=C1,CCCCCCC,,,,
Rapeseed methyl ester B19.9 + RFD,"Rapeseed methyl ester : 19.9, RFD : 80.1",B19.9 Biodiesel,4.2,C16:0,0.015124,C16:1,0.001194,C18:0,0.004577,C18:1,0.102883,C18:2,0.039203,C18:3,0.018109,toluene,0.2403,n-heptane,0.5607,,,,,,,,,,,,CCCCCCCCCCCCCCCC(=O)O,,CCCCCCCCCCCCCCCCCC(=O)O,CCCCCCCCC=CCCCCCCCC(=O)O,CCCCCC=CCC=CCCCCCCCC(=O)O,CCC=CCC=CCC=CCCCCCCCC(=O)O,CC1=CC=CC=C1,CCCCCCC,,,
dimethyl carbonate 70% + n-decane,"dimethyl carbonate : 70, n-decane: 30",Other (Oxygenated + Paraffinic),8.8,dimethyl carbonate,0.7,n-decane,0.3,,,,,,,,,,,,,,,,,,,,,,,,COC(=O)OC,CCCCCCCCCC,,,,,,,,,
diethyl carbonate 70% + n-decane,"diethyl carbonate : 70, n-decane: 30",Other (Oxygenated + Paraffinic),10,diethyl carbonate,0.7,n-decane,0.3,,,,,,,,,,,,,,,,,,,,,,,,CCOC(=O)OCC,CCCCCCCCCC,,,,,,,,,
di-n-butyl carbonate 70% + n-decane,"di-n-butyl carbonate : 70, n-decane: 30",Other (Oxygenated + Paraffinic),7.4,di-n-butyl carbonate,0.7,n-decane,0.3,,,,,,,,,,,,,,,,,,,,,,,,CCCCOC(=O)OCCCC,CCCCCCCCCC,,,,,,,,,
di-1-methyl-propyl carbonate 70% + n-decane,"di-1-methyl-propyl carbonate : 70, n-decane: 30",Other (Oxygenated + Paraffinic),8.6,di-1-methyl-propyl carbonate,0.7,n-decane,0.3,,,,,,,,,,,,,,,,,,,,,,,,,CCCCCCCCCC,,,,,,,,,
di-2-methyl-propyl carbonate 70% + n-decane,"di-2-methyl-propyl carbonate : 70, n-decane: 30",Other (Oxygenated + Paraffinic),8.7,di-2-methyl-propyl carbonate,0.7,n-decane,0.3,,,,,,,,,,,,,,,,,,,,,,,,,CCCCCCCCCC,,,,,,,,,
ditert-butyl carbonate 70% + n-decane,"ditert-butyl carbonate : 70, n-decane: 30",Other (Oxygenated + Paraffinic),9.1,ditert-butyl carbonate,0.7,n-decane,0.3,,,,,,,,,,,,,,,,,,,,,,,,CC(C)(C)OC(=O)OC(C)(C)C,CCCCCCCCCC,,,,,,,,,
Butyl valerate 70% + n-decane,"Butyl valerate : 70, n-decane: 30",Other (Oxygenated + Paraffinic),6.9,Butyl valerate,0.7,n-decane,0.3,,,,,,,,,,,,,,,,,,,,,,,,CCCCC(=O)OCCCC,CCCCCCCCCC,,,,,,,,,
5-nonanone 70% + n-decane,"5-nonanone : 70, n-decane: 30",Other (Oxygenated + Paraffinic),6.1,5-nonanone,0.7,n-decane,0.3,,,,,,,,,,,,,,,,,,,,,,,,CCCCC(=O)CCCC,CCCCCCCCCC,,,,,,,,,
dimethyl carbonate 72.5% + n-decane,"dimethyl carbonate : 72.5, n-decane: 27.5",Other (Oxygenated + Paraffinic),4.9,dimethyl carbonate,0.725,n-decane,0.275,,,,,,,,,,,,,,,,,,,,,,,,COC(=O)OC,CCCCCCCCCC,,,,,,,,,
dimethyl carbonate 48.9% + n-decane,"dimethyl carbonate : 48.9, n-decane: 51.1",Other (Oxygenated + Paraffinic),5.9,dimethyl carbonate,0.489,n-decane,0.511,,,,,,,,,,,,,,,,,,,,,,,,COC(=O)OC,CCCCCCCCCC,,,,,,,,,
dimethyl carbonate 56% + n-decane,"dimethyl carbonate : 56, n-decane: 44",Other (Oxygenated + Paraffinic),5.3,dimethyl carbonate,0.56,n-decane,0.44,,,,,,,,,,,,,,,,,,,,,,,,COC(=O)OC,CCCCCCCCCC,,,,,,,,,
dimethyl carbonate 39.3% + n-decane,"dimethyl carbonate : 39.3, n-decane: 60.7",Other (Oxygenated + Paraffinic),5.9,dimethyl carbonate,0.393,n-decane,0.607,,,,,,,,,,,,,,,,,,,,,,,,COC(=O)OC,CCCCCCCCCC,,,,,,,,,
dimethyl carbonate 29.9% + n-decane,"dimethyl carbonate : 29.9, n-decane: 70.1",Other (Oxygenated + Paraffinic),8.9,dimethyl carbonate,0.299,n-decane,0.701,,,,,,,,,,,,,,,,,,,,,,,,COC(=O)OC,CCCCCCCCCC,,,,,,,,,
dimethyl carbonate 24.6% + n-decane,"dimethyl carbonate : 24.6, n-decane: 75.4",Other (Oxygenated + Paraffinic),10.8,dimethyl carbonate,0.246,n-decane,0.754,,,,,,,,,,,,,,,,,,,,,,,,COC(=O)OC,CCCCCCCCCC,,,,,,,,,
diethyl carbonate 75% + n-decane,"diethyl carbonate : 75, n-decane: 25",Other (Oxygenated + Paraffinic),4.5,diethyl carbonate,0.75,n-decane,0.25,,,,,,,,,,,,,,,,,,,,,,,,CCOC(=O)OCC,CCCCCCCCCC,,,,,,,,,
diethyl carbonate 50% + n-decane,"diethyl carbonate : 50, n-decane: 50",Other (Oxygenated + Paraffinic),5.7,diethyl carbonate,0.5,n-decane,0.5,,,,,,,,,,,,,,,,,,,,,,,,CCOC(=O)OCC,CCCCCCCCCC,,,,,,,,,
diethyl carbonate 30% + n-decane,"diethyl carbonate : 30, n-decane: 70",Other (Oxygenated + Paraffinic),9.9,diethyl carbonate,0.3,n-decane,0.7,,,,,,,,,,,,,,,,,,,,,,,,CCOC(=O)OCC,CCCCCCCCCC,,,,,,,,,
5.0% farnesene + RFD,"farnesene:5, RFD:95",Other (Biogenic Hydrocarbon blends),8.1,farnesene,0.05,toluene,0.285,n-heptane,0.665,,,,,,,,,,,,,,,,,,,,,,CC(=CCCC(=CCC=C(C)C=C)C)C,CC1=CC=CC=C1,CCCCCCC,,,,,,,,
10.1% farnesene + RFD,"farnesene:10.1, RFD:89.9",Other (Biogenic Hydrocarbon blends),8.5,farnesene,0.101,toluene,0.2697,n-heptane,0.6293,,,,,,,,,,,,,,,,,,,,,,CC(=CCCC(=CCC=C(C)C=C)C)C,CC1=CC=CC=C1,CCCCCCC,,,,,,,,
20.3% farnesene + RFD,"farnesene:20.3, RFD:79.7",Other (Biogenic Hydrocarbon blends),8.9,farnesene,0.203,toluene,0.2391,n-heptane,0.5579,,,,,,,,,,,,,,,,,,,,,,CC(=CCCC(=CCC=C(C)C=C)C)C,CC1=CC=CC=C1,CCCCCCC,,,,,,,,
40.0% farnesene + RFD,"farnesene:40, RFD:60",Other (Biogenic Hydrocarbon blends),10.1,farnesene,0.4,toluene,0.18,n-heptane,0.42,,,,,,,,,,,,,,,,,,,,,,CC(=CCCC(=CCC=C(C)C=C)C)C,CC1=CC=CC=C1,CCCCCCC,,,,,,,,
51.2% farnesene + RFD,"farnesene:51.2, RFD:48.8",Other (Biogenic Hydrocarbon blends),11.1,farnesene,0.512,toluene,0.1464,n-heptane,0.3416,,,,,,,,,,,,,,,,,,,,,,CC(=CCCC(=CCC=C(C)C=C)C)C,CC1=CC=CC=C1,CCCCCCC,,,,,,,,
59.9% farnesene + RFD,"farnesene:59.9, RFD:40.1",Other (Biogenic Hydrocarbon blends),DNC,farnesene,0.599,toluene,0.1203,n-heptane,0.2807,,,,,,,,,,,,,,,,,,,,,,CC(=CCCC(=CCC=C(C)C=C)C)C,CC1=CC=CC=C1,CCCCCCC,,,,,,,,
7.8% geranial + RFD,"geranial:7.8, RFD:92.2",Other (Biogenic Hydrocarbon blends),7.5,geranial,0.078,toluene,0.2766,n-heptane,0.6454,,,,,,,,,,,,,,,,,,,,,,CC(=CCCC(=CC=O)C)C,CC1=CC=CC=C1,CCCCCCC,,,,,,,,
10.0% geranial + RFD,"geranial:10, RFD:90",Other (Biogenic Hydrocarbon blends),7.5,geranial,0.1,toluene,0.27,n-heptane,0.63,,,,,,,,,,,,,,,,,,,,,,CC(=CCCC(=CC=O)C)C,CC1=CC=CC=C1,CCCCCCC,,,,,,,,
20.3% geranial + RFD,"geranial:20.3, RFD:79.7",Other (Biogenic Hydrocarbon blends),7.9,geranial,0.203,toluene,0.2391,n-heptane,0.5579,,,,,,,,,,,,,,,,,,,,,,CC(=CCCC(=CC=O)C)C,CC1=CC=CC=C1,CCCCCCC,,,,,,,,
40.0% geranial + RFD,"geranial:40, RFD:60",Other (Biogenic Hydrocarbon blends),8.9,geranial,0.4,toluene,0.18,n-heptane,0.42,,,,,,,,,,,,,,,,,,,,,,CC(=CCCC(=CC=O)C)C,CC1=CC=CC=C1,CCCCCCC,,,,,,,,
50.0% geranial + RFD,"geranial:50, RFD:50",Other (Biogenic Hydrocarbon blends),9.9,geranial,0.5,toluene,0.15,n-heptane,0.35,,,,,,,,,,,,,,,,,,,,,,CC(=CCCC(=CC=O)C)C,CC1=CC=CC=C1,CCCCCCC,,,,,,,,
60.0% geranial + RFD,"geranial:60, RFD:40",Other (Biogenic Hydrocarbon blends),10.1,geranial,0.6,toluene,0.12,n-heptane,0.28,,,,,,,,,,,,,,,,,,,,,,CC(=CCCC(=CC=O)C)C,CC1=CC=CC=C1,CCCCCCC,,,,,,,,
5.0% toluene + 95.0% n-heptane,"toluene:5, n-heptane:95",Other (Aromatic + Paraffinic),7.3,toluene,0.05,n-heptane,0.95,,,,,,,,,,,,,,,,,,,,,,,,CC1=CC=CC=C1,CCCCCCC,,,,,,,,,
10.1% toluene + 89.9% n-heptane,"toluene: 10.1, n-heptane:89.9",Other (Aromatic + Paraffinic),7.5,toluene,0.101,n-heptane,0.899,,,,,,,,,,,,,,,,,,,,,,,,CC1=CC=CC=C1,CCCCCCC,,,,,,,,,
25.0% toluene + 75.0% n-heptane,"toluene:25, n-heptane:75",Other (Aromatic + Paraffinic),8.1,toluene,0.25,n-heptane,0.75,,,,,,,,,,,,,,,,,,,,,,,,CC1=CC=CC=C1,CCCCCCC,,,,,,,,,
35.0% toluene + 65.0% n-heptane,"toluene:35, n-heptane:65",Other (Aromatic + Paraffinic),8.7,toluene,0.35,n-heptane,0.65,,,,,,,,,,,,,,,,,,,,,,,,CC1=CC=CC=C1,CCCCCCC,,,,,,,,,
35.1% toluene + 64.9% n-heptane,"toluene:35.1, n-heptane:64.9",Other (Aromatic + Paraffinic),8.9,toluene,0.351,n-heptane,0.649,,,,,,,,,,,,,,,,,,,,,,,,CC1=CC=CC=C1,CCCCCCC,,,,,,,,,
40.0% toluene + 60.0% n-heptane,"toluene:40, n-heptane:60",Other (Aromatic + Paraffinic),9.3,toluene,0.4,n-heptane,0.6,,,,,,,,,,,,,,,,,,,,,,,,CC1=CC=CC=C1,CCCCCCC,,,,,,,,,
46.3% toluene + 53.7% n-heptane,"toluene:46.3, n-heptane:53.7",Other (Aromatic + Paraffinic),9.9,toluene,0.463,n-heptane,0.537,,,,,,,,,,,,,,,,,,,,,,,,CC1=CC=CC=C1,CCCCCCC,,,,,,,,,
50.0% toluene + 50.0% n-heptane,"toluene:50, n-heptane:50",Other (Aromatic + Paraffinic),10.7,toluene,0.5,n-heptane,0.5,,,,,,,,,,,,,,,,,,,,,,,,CC1=CC=CC=C1,CCCCCCC,,,,,,,,,
52.2% toluene + 47.8% n-heptane,"toluene:52.2, n-heptane:47.8",Other (Aromatic + Paraffinic),DNC,toluene,0.522,n-heptane,0.478,,,,,,,,,,,,,,,,,,,,,,,,CC1=CC=CC=C1,CCCCCCC,,,,,,,,,
10.0% 1-octene + 90.0% n-octane,"1-octene:10, n-octane:90",Other (Unsaturated + Paraffinic),6.5,1-octene,0.1,n-octane,0.9,,,,,,,,,,,,,,,,,,,,,,,,CCCCCCC=C,CCCCCCCC,,,,,,,,,
25.0% 1-octene + 75.0% n-octane,"1-octene:25, n-octane:75",Other (Unsaturated + Paraffinic),6.9,1-octene,0.25,n-octane,0.75,,,,,,,,,,,,,,,,,,,,,,,,CCCCCCC=C,CCCCCCCC,,,,,,,,,
50.0% 1-octene + 50.0% n-octane,"1-octene:50, n-octane:50",Other (Unsaturated + Paraffinic),7.3,1-octene,0.5,n-octane,0.5,,,,,,,,,,,,,,,,,,,,,,,,CCCCCCC=C,CCCCCCCC,,,,,,,,,
63.1% 1-octene + 36.9% n-octane,"1-octene:63.1, n-octane:36.9",Other (Unsaturated + Paraffinic),7.3,1-octene,0.631,n-octane,0.369,,,,,,,,,,,,,,,,,,,,,,,,CCCCCCC=C,CCCCCCCC,,,,,,,,,
75.0% 1-octene + 25.0% n-octane,"1-octene:75, n-octane:25",Other (Unsaturated + Paraffinic),7.5,1-octene,0.75,n-octane,0.25,,,,,,,,,,,,,,,,,,,,,,,,CCCCCCC=C,CCCCCCCC,,,,,,,,,
87.5% 1-octene + 12.5% n-octane,"1-octene:87.5, n-octane:12.5",Other (Unsaturated + Paraffinic),7.7,1-octene,0.875,n-octane,0.125,,,,,,,,,,,,,,,,,,,,,,,,CCCCCCC=C,CCCCCCCC,,,,,,,,,
95% 1-octene + 5% n-octane,"1-octene:95, n-octane:5",Other (Unsaturated + Paraffinic),7.9,1-octene,0.95,n-octane,0.05,,,,,,,,,,,,,,,,,,,,,,,,CCCCCCC=C,CCCCCCCC,,,,,,,,,
SCG Oil,,Other (Pure Oil),5.2,,,,,,,,,,,,,,,,,,,,,,,,,,,,,,,,,,,,,,
SCG B100,"C16:0: 34.19, C18:0: 7.92, C18:1: 9.29, C18:2: 43.6, C18:3n6: 2.81, C18:3n3: 1.13, unknown: 1.06",B100 Biodiesel,,C16:0,0.3419,C18:0,0.0792,C18:1,0.0929,C18:2,0.436,C18:3n6,0.0281,C18:3n3,0.0113,unknown,0.0106,,,,,,,,,,,,,,CCCCCCCCCCCCCCCC(=O)O,CCCCCCCCCCCCCCCCCC(=O)O,CCCCCCCCC=CCCCCCCCC(=O)O,CCCCCC=CCC=CCCCCCCCC(=O)O,,,,,,,
SCG B7,"SCG B100: 7, RFD: 93",B7 Biodiesel,5,C16:0,0.023933,C18:0,0.005544,C18:1,0.006503,C18:2,0.03052,C18:3n6,0.001967,C18:3n3,0.000791,unknown,0.000742,toluene,0.279,n-heptane,0.651,,,,,,,,,,CCCCCCCCCCCCCCCC(=O)O,CCCCCCCCCCCCCCCCCC(=O)O,CCCCCCCCC=CCCCCCCCC(=O)O,CCCCCC=CCC=CCCCCCCCC(=O)O,,,,CC1=CC=CC=C1,CCCCCCC,,
SCG B20,"SCG B100: 20, RFD: 80",B20 Biodiesel,4.4,C16:0,0.06838,C18:0,0.01584,C18:1,0.01858,C18:2,0.0872,C18:3n6,0.00562,C18:3n3,0.00226,unknown,0.00212,toluene,0.24,n-heptane,0.56,,,,,,,,,,CCCCCCCCCCCCCCCC(=O)O,CCCCCCCCCCCCCCCCCC(=O)O,CCCCCCCCC=CCCCCCCCC(=O)O,CCCCCC=CCC=CCCCCCCCC(=O)O,,,,CC1=CC=CC=C1,CCCCCCC,,
Rapeseed B100,"C16:0: 4.80, C18:0: 1.78, C18:1: 61.24, C18:2: 21.52, C18:3n3: 7.82, C20:1: 1.25, unknown: 1.59",B100 Biodiesel,3.6,C16:0,0.048,C18:0,0.0178,C18:1,0.6124,C18:2,0.2152,C18:3n3,0.0782,C20:1,0.0125,unknown,0.0159,,,,,,,,,,,,,,CCCCCCCCCCCCCCCC(=O)O,CCCCCCCCCCCCCCCCCC(=O)O,CCCCCCCCC=CCCCCCCCC(=O)O,CCCCCC=CCC=CCCCCCCCC(=O)O,,,,,,,
Rapeseed B7,"Rapeseed B100: 7, RFD: 93",B7 Biodiesel,4.4,C16:0,0.00336,C18:0,0.001246,C18:1,0.042868,C18:2,0.015064,C18:3n3,0.005474,C20:1,0.000875,unknown,0.001113,toluene,0.279,n-heptane,0.651,,,,,,,,,,CCCCCCCCCCCCCCCC(=O)O,CCCCCCCCCCCCCCCCCC(=O)O,CCCCCCCCC=CCCCCCCCC(=O)O,CCCCCC=CCC=CCCCCCCCC(=O)O,,,,CC1=CC=CC=C1,CCCCCCC,,
Rapeseed B20,"Rapeseed B100: 20, RFD: 80",B20 Biodiesel,4.2,C16:0,0.0096,C18:0,0.00356,C18:1,0.12248,C18:2,0.04304,C18:3n3,0.01564,C20:1,0.0025,unknown,0.00318,toluene,0.24,n-heptane,0.56,,,,,,,,,,CCCCCCCCCCCCCCCC(=O)O,CCCCCCCCCCCCCCCCCC(=O)O,CCCCCCCCC=CCCCCCCCC(=O)O,CCCCCC=CCC=CCCCCCCCC(=O)O,,,,CC1=CC=CC=C1,CCCCCCC,,
Soya B100,"C16:0: 10.32, C18:0: 4.36, C18:1:  26.80, C18:2: 50.69, C18:3n3: 6.75, unknown: 1.08",B100 Biodiesel,4.2,C16:0,0.1032,C18:0,0.0436,C18:1,0.268,C18:2,0.5069,C18:3n3,0.0675,unknown,0.0108,,,,,,,,,,,,,,,,CCCCCCCCCCCCCCCC(=O)O,CCCCCCCCCCCCCCCCCC(=O)O,CCCCCCCCC=CCCCCCCCC(=O)O,CCCCCC=CCC=CCCCCCCCC(=O)O,,,,,,,
Soya B7,"Soya B100: 7, RFD: 93",B7 Biodiesel,4.6,C16:0,0.007224,C18:0,0.003052,C18:1,0.01876,C18:2,0.035483,C18:3n3,0.004725,unknown,0.000756,toluene,0.279,n-heptane,0.651,,,,,,,,,,,,CCCCCCCCCCCCCCCC(=O)O,CCCCCCCCCCCCCCCCCC(=O)O,CCCCCCCCC=CCCCCCCCC(=O)O,CCCCCC=CCC=CCCCCCCCC(=O)O,,,CC1=CC=CC=C1,CCCCCCC,,,
Soya B20,"Soya B100: 20, RFD: 80",B20 Biodiesel,4.4,C16:0,0.02064,C18:0,0.00872,C18:1,0.0536,C18:2,0.10138,C18:3n3,0.0135,unknown,0.00216,toluene,0.24,n-heptane,0.56,,,,,,,,,,,,CCCCCCCCCCCCCCCC(=O)O,CCCCCCCCCCCCCCCCCC(=O)O,CCCCCCCCC=CCCCCCCCC(=O)O,CCCCCC=CCC=CCCCCCCCC(=O)O,,,CC1=CC=CC=C1,CCCCCCC,,,
Algal,"C16:0 : 51, C18:0 : 2, C18:1 : 39, C18:2 : 7, other : 1",Other (SVO),6.9,C16:0,0.51,C18:0,0.02,C18:1,0.39,C18:2,0.07,other,0.01,,,,,,,,,,,,,,,,,,CCCCCCCCCCCCCCCC(=O)O,CCCCCCCCCCCCCCCCCC(=O)O,CCCCCCCCC=CCCCCCCCC(=O)O,CCCCCC=CCC=CCCCCCCCC(=O)O,,,,,,,
Corn,"C16:0 : 0, C16:1 : 0, C18:0 :0, C18:1:0, C18:2:0, C18:4:0, other:0",Other (SVO),7.7,C16:0,0,C16:1,0,C18:0,0,C18:1,0,C18:2,0,C18:4,0,other,0,,,,,,,,,,,,,,CCCCCCCCCCCCCCCC(=O)O,,CCCCCCCCCCCCCCCCCC(=O)O,CCCCCCCCC=CCCCCCCCC(=O)O,CCCCCC=CCC=CCCCCCCCC(=O)O,,,,,,
Groundnut,"C16:0:0, C16:1:0, C18:0:0, C18:1:0, C18:2:0, C18:5:0",Other (SVO),7.1,C16:0,0,C16:1,0,C18:0,0,C18:1,0,C18:2,0,C18:5,0,,,,,,,,,,,,,,,,CCCCCCCCCCCCCCCC(=O)O,,CCCCCCCCCCCCCCCCCC(=O)O,CCCCCCCCC=CCCCCCCCC(=O)O,CCCCCC=CCC=CCCCCCCCC(=O)O,,,,,,
Palm,"C16:0:0, C16:1:0, C18:0:0, C18:1:0, C18:2:0, C18:6:0, other:0",Other (SVO),6.9,C16:0,0,C16:1,0,C18:0,0,C18:1,0,C18:2,0,C18:6,0,other,0,,,,,,,,,,,,,,CCCCCCCCCCCCCCCC(=O)O,,CCCCCCCCCCCCCCCCCC(=O)O,CCCCCCCCC=CCCCCCCCC(=O)O,CCCCCC=CCC=CCCCCCCCC(=O)O,,,,,,
Rapeseed,"C16:0:0, C16:1:0, C18:0:0, C18:1:0, C18:2:0, C18:7:0, other:0",Other (SVO),7.7,C16:0,0,C16:1,0,C18:0,0,C18:1,0,C18:2,0,C18:7,0,other,0,,,,,,,,,,,,,,CCCCCCCCCCCCCCCC(=O)O,,CCCCCCCCCCCCCCCCCC(=O)O,CCCCCCCCC=CCCCCCCCC(=O)O,CCCCCC=CCC=CCCCCCCCC(=O)O,,,,,,
Soybean,"C16:0:0, C16:1:0, C18:0:0, C18:1:0, C18:2:0, C18:8:0, other:0",Other (SVO),7.7,C16:0,0,C16:1,0,C18:0,0,C18:1,0,C18:2,0,C18:8,0,other,0,,,,,,,,,,,,,,CCCCCCCCCCCCCCCC(=O)O,,CCCCCCCCCCCCCCCCCC(=O)O,CCCCCCCCC=CCCCCCCCC(=O)O,CCCCCC=CCC=CCCCCCCCC(=O)O,,,,,,
Sunflower,"C16:0:0, C16:1:0, C18:0:0, C18:1:0, C18:2:0, C18:9:0, other:0",Other (SVO),7.5,C16:0,0,C16:1,0,C18:0,0,C18:1,0,C18:2,0,C18:9,0,other,0,,,,,,,,,,,,,,CCCCCCCCCCCCCCCC(=O)O,,CCCCCCCCCCCCCCCCCC(=O)O,CCCCCCCCC=CCCCCCCCC(=O)O,CCCCCC=CCC=CCCCCCCCC(=O)O,,,,,,
Furan 50% + RFD,"Furan: 50, RFD: 50",Other (Oxygenated lignocellulosic biofuel–diesel blends),,Furan,0.5,toluene,0.15,n-heptane,0.35,,,,,,,,,,,,,,,,,,,,,,C1=COC=C1,CC1=CC=CC=C1,CCCCCCC,,,,,,,,
Methylfuran 50% + RFD,"Methylfuran : 50, RFD :50",Other (Oxygenated lignocellulosic biofuel–diesel blends),,Methylfuran,0.5,toluene,0.15,n-heptane,0.35,,,,,,,,,,,,,,,,,,,,,,CC1=CC=CO1,CC1=CC=CC=C1,CCCCCCC,,,,,,,,
Dimethylfuran 50% + RFD,"Dimethylfuran :50, RFD : 50",Other (Oxygenated lignocellulosic biofuel–diesel blends),,Dimethylfuran,0.5,toluene,0.15,n-heptane,0.35,,,,,,,,,,,,,,,,,,,,,,CC1=C(OC=C1)C,CC1=CC=CC=C1,CCCCCCC,,,,,,,,
ethylfuran 10% + n-butanol + RFD,"ethylfuran :10, n-butanol:20, RFD :70",Other (Oxygenated lignocellulosic biofuel–diesel blends),,ethylfuran,0.1,n-butanol,0.2,toluene,0.21,n-heptane,0.49,,,,,,,,,,,,,,,,,,,,,CCCCO,CC1=CC=CC=C1,CCCCCCC,,,,,,,
tetrahydrofuran 50% + RFD,"tetrahydrofuran : 50, RFD:50",Other (Oxygenated lignocellulosic biofuel–diesel blends),,tetrahydrofuran,0.5,toluene,0.15,n-heptane,0.35,,,,,,,,,,,,,,,,,,,,,,C1CCOC1,CC1=CC=CC=C1,CCCCCCC,,,,,,,,
"2,3-dihydrofuran 50% + RFD","2,3-dihyfrofuran : 50, RFD : 50",Other (Oxygenated lignocellulosic biofuel–diesel blends),,3-dihyfrofuran,0.5,toluene,0.15,n-heptane,0.35,,,,,,,,,,,,,,,,,,,,,,,CC1=CC=CC=C1,CCCCCCC,,,,,,,,
"2,5-dihydrofuran 50% + RFD","2,5-dihydrofuran :50, RFD:50",Other (Oxygenated lignocellulosic biofuel–diesel blends),,5-dihydrofuran,0.5,toluene,0.15,n-heptane,0.35,,,,,,,,,,,,,,,,,,,,,,,CC1=CC=CC=C1,CCCCCCC,,,,,,,,
furfural 10% + n-butanol + RFD,"furfural :10, n-butanol:20, RFD:70",Other (Oxygenated lignocellulosic biofuel–diesel blends),,furfural,0.1,n-butanol,0.2,toluene,0.21,n-heptane,0.49,,,,,,,,,,,,,,,,,,,,C1=COC(=C1)C=O,CCCCO,CC1=CC=CC=C1,CCCCCCC,,,,,,,
furfuryl alcohol 10% + n-butanol + RFD,"furfuryl alcohol:10, n-butanol:20, RFD:70",Other (Oxygenated lignocellulosic biofuel–diesel blends),,furfuryl alcohol,0.1,n-butanol,0.2,toluene,0.21,n-heptane,0.49,,,,,,,,,,,,,,,,,,,,C1=COC(=C1)CO,CCCCO,CC1=CC=CC=C1,CCCCCCC,,,,,,,
acetylfuran 10% + n-butanol + RFD,"acetylfuran :10, n-butanol:20, RFD:70",Other (Oxygenated lignocellulosic biofuel–diesel blends),,acetylfuran,0.1,n-butanol,0.2,toluene,0.21,n-heptane,0.49,,,,,,,,,,,,,,,,,,,,CC(=O)C1=CC=CO1,CCCCO,CC1=CC=CC=C1,CCCCCCC,,,,,,,
methyl-tetrahydrofuran 50%  + RFD,"methyl-tetrahydrofuran :50, RFD:50",Other (Oxygenated lignocellulosic biofuel–diesel blends),,methyl-tetrahydrofuran,0.5,toluene,0.15,n-heptane,0.35,,,,,,,,,,,,,,,,,,,,,,CC1CCCO1,CC1=CC=CC=C1,CCCCCCC,,,,,,,,
methyl-tetrahydrofuran-3-one 10% + n-butanol + RFD,"methyl-tetrahydrofuran-3-one :10, n-butanol:20, RFD:70",Other (Oxygenated lignocellulosic biofuel–diesel blends),,methyl-tetrahydrofuran-3-one,0.1,n-butanol,0.2,toluene,0.21,n-heptane,0.49,,,,,,,,,,,,,,,,,,,,,CCCCO,CC1=CC=CC=C1,CCCCCCC,,,,,,,
Dimethylfuran 10% + n-butanol + RFD,"Dimethylfuran :10, n-butanol:20, RFD:70",Other (Oxygenated lignocellulosic biofuel–diesel blends),,Dimethylfuran,0.1,n-butanol,0.2,toluene,0.21,n-heptane,0.49,,,,,,,,,,,,,,,,,,,,CC1=C(OC=C1)C,CCCCO,CC1=CC=CC=C1,CCCCCCC,,,,,,,
methyl-tetrahydrofuran 10% + n-butanol + RFD,"methyl-tetrahydrofuran :10, n-butanol:20, RFD:70",Other (Oxygenated lignocellulosic biofuel–diesel blends),,methyl-tetrahydrofuran,0.1,n-butanol,0.2,toluene,0.21,n-heptane,0.49,,,,,,,,,,,,,,,,,,,,CC1CCCO1,CCCCO,CC1=CC=CC=C1,CCCCCCC,,,,,,,
?-caprolactone 33% + butanol + RFD,"?-caprolactone :33, butanol:17, RFD:50",Other (Lactone-based oxygenated biofuel-diesel blends),,?-caprolactone,0.33,butanol,0.17,toluene,0.15,n-heptane,0.35,,,,,,,,,,,,,,,,,,,,,CCCCO,CC1=CC=CC=C1,CCCCCCC,,,,,,,
?-hexalactone 33% + butanol + RFD,"?-hexalactone :33, butanol:17, RFD:50",Other (Lactone-based oxygenated biofuel-diesel blends),,?-hexalactone,0.33,butanol,0.17,toluene,0.15,n-heptane,0.35,,,,,,,,,,,,,,,,,,,,,CCCCO,CC1=CC=CC=C1,CCCCCCC,,,,,,,
?-caprolactone 33% + butanol + RFD,"?-caprolactone :33, butanol:17, RFD:50",Other (Lactone-based oxygenated biofuel-diesel blends),,?-caprolactone,0.33,butanol,0.17,toluene,0.15,n-heptane,0.35,,,,,,,,,,,,,,,,,,,,,CCCCO,CC1=CC=CC=C1,CCCCCCC,,,,,,,
?-decalactone 33% + butanol + RFD,"?-decalactone :33, butanol:17, RFD:50",Other (Lactone-based oxygenated biofuel-diesel blends),,?-decalactone,0.33,butanol,0.17,toluene,0.15,n-heptane,0.35,,,,,,,,,,,,,,,,,,,,,CCCCO,CC1=CC=CC=C1,CCCCCCC,,,,,,,
Benzene + Heptane,"Benzene:0, Heptane:0",Other (Aromatic + Paraffinic),,Benzene,0,Heptane,0,,,,,,,,,,,,,,,,,,,,,,,,C1=CC=CC=C1,CCCCCCC,,,,,,,,,
Toluene + Heptane,"Toluene:0, Heptane:0",Other (Aromatic + Paraffinic),,Toluene,0,Heptane,0,,,,,,,,,,,,,,,,,,,,,,,,CC1=CC=CC=C1,CCCCCCC,,,,,,,,,
m-Xylene + Heptane,"m-Xylene:0, Heptane:0",Other (Aromatic + Paraffinic),,m-Xylene,0,Heptane,0,,,,,,,,,,,,,,,,,,,,,,,,CC1=CC(=CC=C1)C,CCCCCCC,,,,,,,,,
"1,3,5-trimethylbenzene + Heptane","1,3,5-trimethylbenzene:0, Heptane:0",Other (Aromatic + Paraffinic),,5-trimethylbenzene,0,Heptane,0,,,,,,,,,,,,,,,,,,,,,,,,,CCCCCCC,,,,,,,,,
Durene + Heptane,"Durene:0, Heptane:0",Other (Aromatic + Paraffinic),,Durene,0,Heptane,0,,,,,,,,,,,,,,,,,,,,,,,,CC1=CC(=C(C=C1C)C)C,CCCCCCC,,,,,,,,,
Benzaldehyde + Heptane,"Benzaldehyde:0, Heptane:0",Other (Aromatic + Paraffinic),,Benzaldehyde,0,Heptane,0,,,,,,,,,,,,,,,,,,,,,,,,C1=CC=C(C=C1)C=O,CCCCCCC,,,,,,,,,
Nonane 70% + Heptane,"Nonane : 70, heptane: 30",Other (Paraffinic molecules),5.1,Nonane,0.7,heptane,0.3,,,,,,,,,,,,,,,,,,,,,,,,CCCCCCCCC,CCCCCCC,,,,,,,,,
Decane 70% + Heptane,"Decane : 70, heptane: 30",Other (Paraffinic molecules),4.7,Decane,0.7,heptane,0.3,,,,,,,,,,,,,,,,,,,,,,,,CCCCCCCCCC,CCCCCCC,,,,,,,,,
Dipentyl ether 70% + Heptane,"Dipentyl ether : 70, heptane: 30",Other (Oxygenated + Paraffinic),4.5,Dipentyl ether,0.7,heptane,0.3,,,,,,,,,,,,,,,,,,,,,,,,CCCCCOCCCCC,CCCCCCC,,,,,,,,,
3-heptanone 70% + Heptane,"3-heptanone : 70, heptane: 30",Other (Oxygenated + Paraffinic),6.9,3-heptanone,0.7,heptane,0.3,,,,,,,,,,,,,,,,,,,,,,,,CCCCC(=O)CC,CCCCCCC,,,,,,,,,
5-nonanone 70% + Heptane,"5-nonanone : 70, heptane: 30",Other (Oxygenated + Paraffinic),5.9,5-nonanone,0.7,heptane,0.3,,,,,,,,,,,,,,,,,,,,,,,,CCCCC(=O)CCCC,CCCCCCC,,,,,,,,,
ethyl levulinate 70% + Heptane,"ethyl levulinate : 70, heptane: 30",Other (Oxygenated esters + Paraffinic),8,ethyl levulinate,0.7,heptane,0.3,,,,,,,,,,,,,,,,,,,,,,,,CCOC(=O)CCC(=O)C,CCCCCCC,,,,,,,,,
butyl levulinate 70% + Heptane,"butyl levulinate : 70, heptane: 30",Other (Oxygenated esters + Paraffinic),7.4,butyl levulinate,0.7,heptane,0.3,,,,,,,,,,,,,,,,,,,,,,,,CCCCOC(=O)CCC(=O)C,CCCCCCC,,,,,,,,,
ethyl valerate 70% + Heptane,"ethyl valerate : 70, heptane: 30",Other (Oxygenated esters + Paraffinic),7.8,ethyl valerate,0.7,heptane,0.3,,,,,,,,,,,,,,,,,,,,,,,,CCCCC(=O)OCC,CCCCCCC,,,,,,,,,
butyl valerate 70% + Heptane,"butyl valerate : 70, heptane: 30",Other (Oxygenated esters + Paraffinic),7.2,butyl valerate,0.7,heptane,0.3,,,,,,,,,,,,,,,,,,,,,,,,CCCCC(=O)OCCCC,CCCCCCC,,,,,,,,,
pentyl valerate 70% + Heptane,"pentyl valerate : 70, heptane: 30",Other (Oxygenated esters + Paraffinic),6.6,pentyl valerate,0.7,heptane,0.3,,,,,,,,,,,,,,,,,,,,,,,,CCCCCOC(=O)CCCC,CCCCCCC,,,,,,,,,
Toluene 20% + Hexane 80%,"toluene:20 , hexane:80",Other (Aromatic + Paraffinic),6.7,toluene,0.2,hexane,0.8,,,,,,,,,,,,,,,,,,,,,,,,CC1=CC=CC=C1,CCCCCC,,,,,,,,,
Toluene 20% + Heptane 80%,"toluene : 20, heptane: 80",Other (Aromatic + Paraffinic),6.3,toluene,0.2,heptane,0.8,,,,,,,,,,,,,,,,,,,,,,,,CC1=CC=CC=C1,CCCCCCC,,,,,,,,,
Toluene 20% + Undecane 80%,"toluene 20% , undecane 80%",Other (Aromatic + Paraffinic),5.2,,,,,,,,,,,,,,,,,,,,,,,,,,,,,,,,,,,,,,
52.97%n-heptane-47.03%iso-octane,"n-heptane: 52.97, iso-octane: 47.03",,,n-heptane,0.5297,iso-octane,0.4703,,,,,,,,,,,,,,,,,,,40.1,39.32675772,,,,CCCCCCC,CC(C)CC(C)(C)C,,,,,,,,,
42.88%n-heptane-57.11%iso-octane,"n-heptane: 42.88, iso-octane: 57.11",,,n-heptane,0.4288,iso-octane,0.5711,,,,,,,,,,,,,,,,,,,36.1,35.72286058,,,,CCCCCCC,CC(C)CC(C)(C)C,,,,,,,,,
32.55%n-heptane-67.45%iso-octane,"n-heptane: 32.55, iso-octane: 67.45",,,n-heptane,0.3255,iso-octane,0.6745,,,,,,,,,,,,,,,,,,,31.6,32.00704025,,,,CCCCCCC,CC(C)CC(C)(C)C,,,,,,,,,
21.97%n-heptane-78.03%iso-octane,"n-heptane: 21.97, iso-octane: 78.03",,,n-heptane,0.2197,iso-octane,0.7803,,,,,,,,,,,,,,,,,,,27.7,27.94932902,,,,CCCCCCC,CC(C)CC(C)(C)C,,,,,,,,,
11.12%n-heptane-88.88%iso-octane,"n-heptane: 11.12, iso-octane: 88.88",,,n-heptane,0.1112,iso-octane,0.8888,,,,,,,,,,,,,,,,,,,23.3,22.99955977,,,,CCCCCCC,CC(C)CC(C)(C)C,,,,,,,,,
52.09%n-heptane-47.91%toluene,"n-heptane: 52.09, toluene: 47.91",,,n-heptane,0.5209,toluene,0.4791,,,,,,,,,,,,,,,,,,,36.7,36.77828363,,,,CCCCCCC,CC1=CC=CC=C1,,,,,,,,,
46.97%n-heptane-53.03%toluene,"n-heptane: 46.97, toluene: 53.03",,,n-heptane,0.4697,toluene,0.5303,,,,,,,,,,,,,,,,,,,34.1,34.28264894,,,,CCCCCCC,CC1=CC=CC=C1,,,,,,,,,
42.02%n-heptane-57.98%toluene,"n-heptane: 42.02, toluene: 57.98",,,n-heptane,0.4202,toluene,0.5798,,,,,,,,,,,,,,,,,,,31,31.56442204,,,,CCCCCCC,CC1=CC=CC=C1,,,,,,,,,
37.22%n-heptane-62.78%toluene,"n-heptane: 37.22, toluene: 62.78",,,n-heptane,0.3722,toluene,0.6278,,,,,,,,,,,,,,,,,,,28.3,28.69127198,,,,CCCCCCC,CC1=CC=CC=C1,,,,,,,,,
32.58%n-heptane-67.42%toluene,"n-heptane: 32.58, toluene: 67.42",,,n-heptane,0.3258,toluene,0.6742,,,,,,,,,,,,,,,,,,,25.8,25.89144549,,,,CCCCCCC,CC1=CC=CC=C1,,,,,,,,,
28.07%n-heptane-71.93%toluene,"n-heptane: 28.07, toluene: 71.93",,,n-heptane,0.2807,toluene,0.7193,,,,,,,,,,,,,,,,,,,22.9,23.18904436,,,,CCCCCCC,CC1=CC=CC=C1,,,,,,,,,
23.70%n-heptane-76.30%toluene,"n-heptane: 23.70, toluene: 76.30",,,n-heptane,0.237,toluene,0.763,,,,,,,,,,,,,,,,,,,19.8,21.08870107,,,,CCCCCCC,CC1=CC=CC=C1,,,,,,,,,
36.83%n-heptane-49.05%iso-octane-14.12%toluene,"n-heptane: 36.83, iso-octane: 49.05, toluene: 14.12",,,n-heptane,0.3683,iso-octane,0.4905,toluene,0.1412,,,,,,,,,,,,,,,,,32.2,32.46973789,,,,CCCCCCC,CC(C)CC(C)(C)C,CC1=CC=CC=C1,,,,,,,,
31.31%n-heptane-41.70%iso-octane-27.00%toluene,"n-heptane: 31.31, iso-octane: 41.70, toluene: 27.00",,,n-heptane,0.3131,iso-octane,0.417,toluene,0.27,,,,,,,,,,,,,,,,,29.1,29.17504297,,,,CCCCCCC,CC(C)CC(C)(C)C,CC1=CC=CC=C1,,,,,,,,
26.25%n-heptane-34.96%iso-octane-38.80%toluene,"n-heptane: 26.25, iso-octane: 34.96, toluene: 38.80",,,n-heptane,0.2625,iso-octane,0.3496,toluene,0.388,,,,,,,,,,,,,,,,,26.2,26.08904419,,,,CCCCCCC,CC(C)CC(C)(C)C,CC1=CC=CC=C1,,,,,,,,
21.59%n-heptane-28.76%iso-octane-49.65%toluene,"n-heptane: 21.59, iso-octane: 28.76, toluene: 49.65",,,n-heptane,0.2159,iso-octane,0.2876,toluene,0.4965,,,,,,,,,,,,,,,,,22.7,22.63607789,,,,CCCCCCC,CC(C)CC(C)(C)C,CC1=CC=CC=C1,,,,,,,,
27.91%n-heptane-57.83%iso-octane-14.26%toluene,"n-heptane: 27.91, iso-octane: 57.83, toluene: 14.26",,,n-heptane,0.2791,iso-octane,0.5783,toluene,0.1426,,,,,,,,,,,,,,,,,28.9,28.88374541,,,,CCCCCCC,CC(C)CC(C)(C)C,CC1=CC=CC=C1,,,,,,,,
23.69%n-heptane-49.08%iso-octane-27.24%toluene,"n-heptane: 23.69, iso-octane: 49.08, toluene: 27.24",,,n-heptane,0.2369,iso-octane,0.4908,toluene,0.2724,,,,,,,,,,,,,,,,,26.3,26.13580053,,,,CCCCCCC,CC(C)CC(C)(C)C,CC1=CC=CC=C1,,,,,,,,
19.83%n-heptane-41.08%iso-octane-39.09%toluene,"n-heptane: 19.83, iso-octane: 41.08, toluene: 39.09",,,n-heptane,0.1983,iso-octane,0.4108,toluene,0.3909,,,,,,,,,,,,,,,,,23.7,23.28563751,,,,CCCCCCC,CC(C)CC(C)(C)C,CC1=CC=CC=C1,,,,,,,,
16.29%n-heptane-33.75%iso-octane-49.95%toluene,"n-heptane: 16.29, iso-octane: 33.75, toluene: 49.95",,,n-heptane,0.1629,iso-octane,0.3375,toluene,0.4995,,,,,,,,,,,,,,,,,19.9,19.87250129,,,,CCCCCCC,CC(C)CC(C)(C)C,CC1=CC=CC=C1,,,,,,,,
18.80%n-heptane-66.78%iso-octane-14.41%toluene,"n-heptane: 18.80, iso-octane: 66.78, toluene: 14.41",,,n-heptane,0.188,iso-octane,0.6678,toluene,0.1441,,,,,,,,,,,,,,,,,25.4,25.14624332,,,,CCCCCCC,CC(C)CC(C)(C)C,CC1=CC=CC=C1,,,,,,,,
15.93%n-heptane-56.59%iso-octane-27.48%toluene,"n-heptane: 15.93, iso-octane: 56.59, toluene: 27.48",,,n-heptane,0.1593,iso-octane,0.5659,toluene,0.2748,,,,,,,,,,,,,,,,,22.8,22.577406,,,,CCCCCCC,CC(C)CC(C)(C)C,CC1=CC=CC=C1,,,,,,,,
13.32%n-heptane-47.30%iso-octane-39.38%toluene,"n-heptane: 13.32, iso-octane: 47.30, toluene: 39.38",,,n-heptane,0.1332,iso-octane,0.473,toluene,0.3938,,,,,,,,,,,,,,,,,19.8,19.73403905,,,,CCCCCCC,CC(C)CC(C)(C)C,CC1=CC=CC=C1,,,,,,,,
10.93%n-heptane-38.81%iso-octane-50.26%toluene,"n-heptane: 10.93, iso-octane: 38.81, toluene: 50.26",,,n-heptane,0.1093,iso-octane,0.3881,toluene,0.5026,,,,,,,,,,,,,,,,,16.5,16.99062266,,,,CCCCCCC,CC(C)CC(C)(C)C,CC1=CC=CC=C1,,,,,,,,
9.50%n-heptane-75.93%iso-octane-14.57%toluene,"n-heptane: 9.50, iso-octane: 75.93, toluene: 14.57",,,n-heptane,0.095,iso-octane,0.7593,toluene,0.1457,,,,,,,,,,,,,,,,,21.1,20.96425541,,,,CCCCCCC,CC(C)CC(C)(C)C,CC1=CC=CC=C1,,,,,,,,
8.04%n-heptane-64.23%iso-octane-27.73%toluene,"n-heptane: 8.04, iso-octane: 64.23, toluene: 27.73",,,n-heptane,0.0804,iso-octane,0.6423,toluene,0.2773,,,,,,,,,,,,,,,,,18.3,18.56293619,,,,CCCCCCC,CC(C)CC(C)(C)C,CC1=CC=CC=C1,,,,,,,,
6.71%n-heptane-53.62%iso-octane-39.67%toluene,"n-heptane: 6.71, iso-octane: 53.62, toluene: 39.67",,,n-heptane,0.0671,iso-octane,0.5362,toluene,0.3967,,,,,,,,,,,,,,,,,15.6,16.11560545,,,,CCCCCCC,CC(C)CC(C)(C)C,CC1=CC=CC=C1,,,,,,,,
87.21%iso-octane-12.79%1-hexene,"iso-octane: 87.21, 1-hexene: 12.79",,,iso-octane,0.8721,1-hexene,0.1279,,,,,,,,,,,,,,,,,,,21.02,20.96053948,,,,CC(C)CC(C)(C)C,CCCCC=C,,,,,,,,,
75.19%iso-octane-24.81%1-hexene,"iso-octane: 75.19, 1-hexene: 24.81",,,iso-octane,0.7519,1-hexene,0.2481,,,,,,,,,,,,,,,,,,,21.17,21.74729701,,,,CC(C)CC(C)(C)C,CCCCC=C,,,,,,,,,
63.87%iso-octane-36.13%1-hexene,"iso-octane: 63.87, 1-hexene: 36.13",,,iso-octane,0.6387,1-hexene,0.3613,,,,,,,,,,,,,,,,,,,22.9,23.16560535,,,,CC(C)CC(C)(C)C,CCCCC=C,,,,,,,,,
53.19%iso-octane-46.81%1-hexene,"iso-octane: 53.19, 1-hexene: 46.81",,,iso-octane,0.5319,1-hexene,0.4681,,,,,,,,,,,,,,,,,,,24.02,24.23920322,,,,CC(C)CC(C)(C)C,CCCCC=C,,,,,,,,,
43.10%iso-octane-56.90%1-hexene,"iso-octane: 43.10, 1-hexene: 56.90",,,iso-octane,0.431,1-hexene,0.569,,,,,,,,,,,,,,,,,,,24.51,24.84802426,,,,CC(C)CC(C)(C)C,CCCCC=C,,,,,,,,,
33.56%iso-octane-66.44%1-hexene,"iso-octane: 33.56, 1-hexene: 66.44",,,iso-octane,0.3356,1-hexene,0.6644,,,,,,,,,,,,,,,,,,,25.34,25.69863732,,,,CC(C)CC(C)(C)C,CCCCC=C,,,,,,,,,
24.51%iso-octane-75.49%1-hexene,"iso-octane: 24.51, 1-hexene: 75.49",,,iso-octane,0.2451,1-hexene,0.7549,,,,,,,,,,,,,,,,,,,26.5,26.90058056,,,,CC(C)CC(C)(C)C,CCCCC=C,,,,,,,,,
15.92%iso-octane-84.08%1-hexene,"iso-octane: 15.92, 1-hexene: 84.08",,,iso-octane,0.1592,1-hexene,0.8408,,,,,,,,,,,,,,,,,,,27.2,27.88376218,,,,CC(C)CC(C)(C)C,CCCCC=C,,,,,,,,,
7.76%iso-octane-92.24%1-hexene,"iso-octane: 7.76, 1-hexene: 92.24",,,iso-octane,0.0776,1-hexene,0.9224,,,,,,,,,,,,,,,,,,,28.2,28.29177444,,,,CC(C)CC(C)(C)C,CCCCC=C,,,,,,,,,
85.49%iso-octane-14.51%cyclohexane,"iso-octane: 85.49, cyclohexane: 14.51",,,iso-octane,0.8549,cyclohexane,0.1451,,,,,,,,,,,,,,,,,,,18.12,18.58325387,,,,CC(C)CC(C)(C)C,C1CCCCC1,,,,,,,,,
72.37%iso-octane-27.63%cyclohexane,"iso-octane: 72.37, cyclohexane: 27.63",,,iso-octane,0.7237,cyclohexane,0.2763,,,,,,,,,,,,,,,,,,,18.2,18.441822,,,,CC(C)CC(C)(C)C,C1CCCCC1,,,,,,,,,
60.44%iso-octane-39.56%cyclohexane,"iso-octane: 60.44, cyclohexane: 39.56",,,iso-octane,0.6044,cyclohexane,0.3956,,,,,,,,,,,,,,,,,,,18.28,18.48771209,,,,CC(C)CC(C)(C)C,C1CCCCC1,,,,,,,,,
49.55%iso-octane-50.45%cyclohexane,"iso-octane: 49.55, cyclohexane: 50.45",,,iso-octane,0.4955,cyclohexane,0.5045,,,,,,,,,,,,,,,,,,,18.34,18.75203659,,,,CC(C)CC(C)(C)C,C1CCCCC1,,,,,,,,,
39.57%iso-octane-60.43%cyclohexane,"iso-octane: 39.57, cyclohexane: 60.43",,,iso-octane,0.3957,cyclohexane,0.6043,,,,,,,,,,,,,,,,,,,18.43,18.85060185,,,,CC(C)CC(C)(C)C,C1CCCCC1,,,,,,,,,
30.39%iso-octane-69.61%cyclohexane,"iso-octane: 30.39, cyclohexane: 69.61",,,iso-octane,0.3039,cyclohexane,0.6961,,,,,,,,,,,,,,,,,,,18.69,19.1267146,,,,CC(C)CC(C)(C)C,C1CCCCC1,,,,,,,,,
21.91%iso-octane-78.09%cyclohexane,"iso-octane: 21.91, cyclohexane: 78.09",,,iso-octane,0.2191,cyclohexane,0.7809,,,,,,,,,,,,,,,,,,,19.04,19.51488053,,,,CC(C)CC(C)(C)C,C1CCCCC1,,,,,,,,,
14.07%iso-octane-85.93%cyclohexane,"iso-octane: 14.07, cyclohexane: 85.93",,,iso-octane,0.1407,cyclohexane,0.8593,,,,,,,,,,,,,,,,,,,19.45,19.37729316,,,,CC(C)CC(C)(C)C,C1CCCCC1,,,,,,,,,
67.82%iso-octane-93.22%cyclohexane,"iso-octane: 67.82, cyclohexane: 93.22",,,iso-octane,0.6782,cyclohexane,0.9322,,,,,,,,,,,,,,,,,,,19.68,19.06502679,,,,CC(C)CC(C)(C)C,C1CCCCC1,,,,,,,,,
87.99%iso-octane-12.01%tetralin,"iso-octane: 87.99, tetralin: 12.01",,,iso-octane,0.8799,tetralin,0.1201,,,,,,,,,,,,,,,,,,,15.51,15.89000714,,,,CC(C)CC(C)(C)C,C1CCC2=CC=CC=C2C1,,,,,,,,,
76.50%iso-octane-23.50%tetralin,"iso-octane: 76.50, tetralin: 23.50",,,iso-octane,0.765,tetralin,0.235,,,,,,,,,,,,,,,,,,,13.17,13.52680316,,,,CC(C)CC(C)(C)C,C1CCC2=CC=CC=C2C1,,,,,,,,,
65.51%iso-octane-34.49%tetralin,"iso-octane: 65.51, tetralin: 34.49",,,iso-octane,0.6551,tetralin,0.3449,,,,,,,,,,,,,,,,,,,11.74,11.9171722,,,,CC(C)CC(C)(C)C,C1CCC2=CC=CC=C2C1,,,,,,,,,
54.97%iso-octane-45.03%tetralin,"iso-octane: 54.97, tetralin: 45.03",,,iso-octane,0.5497,tetralin,0.4503,,,,,,,,,,,,,,,,,,,10.63,10.72668393,,,,CC(C)CC(C)(C)C,C1CCC2=CC=CC=C2C1,,,,,,,,,
44.87%iso-octane-55.13%tetralin,"iso-octane: 44.87, tetralin: 55.13",,,iso-octane,0.4487,tetralin,0.5513,,,,,,,,,,,,,,,,,,,9.66,9.774182447,,,,CC(C)CC(C)(C)C,C1CCC2=CC=CC=C2C1,,,,,,,,,
35.18%iso-octane-64.82%tetralin,"iso-octane: 35.18, tetralin: 64.82",,,iso-octane,0.3518,tetralin,0.6482,,,,,,,,,,,,,,,,,,,9.22,9.290992335,,,,CC(C)CC(C)(C)C,C1CCC2=CC=CC=C2C1,,,,,,,,,
25.86%iso-octane-74.14%tetralin,"iso-octane: 25.86, tetralin: 74.14",,,iso-octane,0.2586,tetralin,0.7414,,,,,,,,,,,,,,,,,,,9.2,9.168492977,,,,CC(C)CC(C)(C)C,C1CCC2=CC=CC=C2C1,,,,,,,,,
16.91%iso-octane-83.09%tetralin,"iso-octane: 16.91, tetralin: 83.09",,,iso-octane,0.1691,tetralin,0.8309,,,,,,,,,,,,,,,,,,,9,8.983477245,,,,CC(C)CC(C)(C)C,C1CCC2=CC=CC=C2C1,,,,,,,,,
8.29%iso-octane-91.71%tetralin,"iso-octane: 8.29, tetralin: 91.71",,,iso-octane,0.0829,tetralin,0.9171,,,,,,,,,,,,,,,,,,,8.92,8.920446101,,,,CC(C)CC(C)(C)C,C1CCC2=CC=CC=C2C1,,,,,,,,,
35.4%n-decane-64.6%iso-octane,"n-decane: 35.4, iso-octane: 64.6",,,n-decane,0.354,iso-octane,0.646,,,,,,,,,,,,,,,,,,,45,43.9727555,,,,CCCCCCCCCC,CC(C)CC(C)(C)C,,,,,,,,,
46.7%n-decane-53.3%iso-octane,"n-decane: 46.7, iso-octane: 53.3",,,n-decane,0.467,iso-octane,0.533,,,,,,,,,,,,,,,,,,,50,49.29043469,,,,CCCCCCCCCC,CC(C)CC(C)(C)C,,,,,,,,,
61%n-decane-39%iso-octane,"n-decane: 61, iso-octane: 39",,,n-decane,0.61,iso-octane,0.39,,,,,,,,,,,,,,,,,,,55,53.08696152,,,,CCCCCCCCCC,CC(C)CC(C)(C)C,,,,,,,,,
74.4%n-decane-25.6%iso-octane,"n-decane: 74.4, iso-octane: 25.6",,,n-decane,0.744,iso-octane,0.256,,,,,,,,,,,,,,,,,,,59.1,57.66757513,,,,CCCCCCCCCC,CC(C)CC(C)(C)C,,,,,,,,,
93.4%n-decane-6.6%iso-octane,"n-decane: 93.4, iso-octane: 6.6",,,n-decane,0.934,iso-octane,0.066,,,,,,,,,,,,,,,,,,,65,66.10986536,,,,CCCCCCCCCC,CC(C)CC(C)(C)C,,,,,,,,,
79.6%n-decane-20.4%toluene,"n-decane: 79.6, toluene: 20.4",,,n-decane,0.796,toluene,0.204,,,,,,,,,,,,,,,,,,,62.14,62.4503641,,,,CCCCCCCCCC,CC1=CC=CC=C1,,,,,,,,,
59.2%n-decane-40.8%toluene,"n-decane: 59.2, toluene: 40.8",,,n-decane,0.592,toluene,0.408,,,,,,,,,,,,,,,,,,,54.14,53.41409438,,,,CCCCCCCCCC,CC1=CC=CC=C1,,,,,,,,,
19.6%n-decane-80.4%toluene,"n-decane: 19.6, toluene: 80.4",,,n-decane,0.196,toluene,0.804,,,,,,,,,,,,,,,,,,,28.58,25.8476017,,,,CCCCCCCCCC,CC1=CC=CC=C1,,,,,,,,,
39.8%n-decane-60.2%toluene,"n-decane: 39.8, toluene: 60.2",,,n-decane,0.398,toluene,0.602,,,,,,,,,,,,,,,,,,,44.18,42.05832156,,,,CCCCCCCCCC,CC1=CC=CC=C1,,,,,,,,,
80.7%n-decane-19.3%iso-octane,"n-decane: 80.7, iso-octane: 19.3",,,n-decane,0.807,iso-octane,0.193,,,,,,,,,,,,,,,,,,,61.21,52.06863973,,,,CCCCCCCCCC,CC(C)CC(C)(C)C,,,,,,,,,
60.3%n-decane-39.7%iso-octane,"n-decane: 60.3, iso-octane: 39.7",,,n-decane,0.603,iso-octane,0.397,,,,,,,,,,,,,,,,,,,55.08,51.79443968,,,,CCCCCCCCCC,CC(C)CC(C)(C)C,,,,,,,,,
40%n-decane-60%iso-octane,"n-decane: 40, iso-octane: 60",,,n-decane,0.4,iso-octane,0.6,,,,,,,,,,,,,,,,,,,46.93,42.27635589,,,,CCCCCCCCCC,CC(C)CC(C)(C)C,,,,,,,,,
20.1%n-decane-79.9%iso-octane,"n-decane: 20.1, iso-octane: 79.9",,,n-decane,0.201,iso-octane,0.799,,,,,,,,,,,,,,,,,,,36.59,33.71923292,,,,CCCCCCCCCC,CC(C)CC(C)(C)C,,,,,,,,,
80.7%n-decane-19.3%iso-octane,"n-decane: 80.7, iso-octane: 19.3",,,n-decane,0.807,iso-octane,0.193,,,,,,,,,,,,,,,,,,,36.93,52.06863973,,,,CCCCCCCCCC,CC(C)CC(C)(C)C,,,,,,,,,
60.3%n-decane-39.7%iso-octane,"n-decane: 60.3, iso-octane: 39.7",,,n-decane,0.603,iso-octane,0.397,,,,,,,,,,,,,,,,,,,43.27,51.79443968,,,,CCCCCCCCCC,CC(C)CC(C)(C)C,,,,,,,,,
40%n-decane-60%iso-octane,"n-decane: 40, iso-octane: 60",,,n-decane,0.4,iso-octane,0.6,,,,,,,,,,,,,,,,,,,32.99,42.27635589,,,,CCCCCCCCCC,CC(C)CC(C)(C)C,,,,,,,,,
20.1%n-decane-79.9%iso-octane,"n-decane: 20.1, iso-octane: 79.9",,,n-decane,0.201,iso-octane,0.799,,,,,,,,,,,,,,,,,,,31.66,33.71923292,,,,CCCCCCCCCC,CC(C)CC(C)(C)C,,,,,,,,,
68.3%n-decane-17.2%iso-octane-14.5%toluene,"n-decane: 68.3, iso-octane: 17.2, toluene: 14.5",,,n-decane,0.683,iso-octane,0.172,toluene,0.145,,,,,,,,,,,,,,,,,57.14,56.83198392,,,,CCCCCCCCCC,CC(C)CC(C)(C)C,CC1=CC=CC=C1,,,,,,,,
37.6%n-decane-45.4%iso-octane-17%toluene,"n-decane: 37.6, iso-octane: 45.4, toluene: 17",,,n-decane,0.376,iso-octane,0.454,toluene,0.17,,,,,,,,,,,,,,,,,45.52,44.14790767,,,,CCCCCCCCCC,CC(C)CC(C)(C)C,CC1=CC=CC=C1,,,,,,,,
26.1%n-dodecane-73.9%iso-octane,"n-dodecane: 26.1, iso-octane: 73.9",,,n-dodecane,0.261,iso-octane,0.739,,,,,,,,,,,,,,,,,,,45,43.81472931,,,,CCCCCCCCCCCC,CC(C)CC(C)(C)C,,,,,,,,,
34.6%n-dodecane-65.4%iso-octane,"n-dodecane: 34.6, iso-octane: 65.4",,,n-dodecane,0.346,iso-octane,0.654,,,,,,,,,,,,,,,,,,,50,48.89623842,,,,CCCCCCCCCCCC,CC(C)CC(C)(C)C,,,,,,,,,
44.2%n-dodecane-55.8%iso-octane,"n-dodecane: 44.2, iso-octane: 55.8",,,n-dodecane,0.442,iso-octane,0.558,,,,,,,,,,,,,,,,,,,55,54.59248534,,,,CCCCCCCCCCCC,CC(C)CC(C)(C)C,,,,,,,,,
51.9%n-dodecane-48.1%iso-octane,"n-dodecane: 51.9, iso-octane: 48.1",,,n-dodecane,0.519,iso-octane,0.481,,,,,,,,,,,,,,,,,,,59.1,58.26822905,,,,CCCCCCCCCCCC,CC(C)CC(C)(C)C,,,,,,,,,
66.2%n-dodecane-33.8%iso-octane,"n-dodecane: 66.2, iso-octane: 33.8",,,n-dodecane,0.662,iso-octane,0.338,,,,,,,,,,,,,,,,,,,65,63.51976197,,,,CCCCCCCCCCCC,CC(C)CC(C)(C)C,,,,,,,,,
28.6%n-cetane-71.4%iso-cetane,"n-cetane: 28.6, iso-cetane: 71.4",,,n-cetane,0.286,iso-cetane,0.714,,,,,,,,,,,,,,,,,,,45,43.70453567,,,,CCCCCCCCCCCCCCCC,C(C)(C)CC(C)CC(C)(C)CC(C)(C)C,,,,,,,,,
34.9%n-cetane-65.1%iso-cetane,"n-cetane: 34.9, iso-cetane: 65.1",,,n-cetane,0.349,iso-cetane,0.651,,,,,,,,,,,,,,,,,,,50,49.9805897,,,,CCCCCCCCCCCCCCCC,C(C)(C)CC(C)CC(C)(C)CC(C)(C)C,,,,,,,,,
41%n-cetane-59%iso-cetane,"n-cetane: 41, iso-cetane: 59",,,n-cetane,0.41,iso-cetane,0.59,,,,,,,,,,,,,,,,,,,55,53.22515743,,,,CCCCCCCCCCCCCCCC,C(C)(C)CC(C)CC(C)(C)CC(C)(C)C,,,,,,,,,
45.9%n-cetane-54.1%iso-cetane,"n-cetane: 45.9, iso-cetane: 54.1",,,n-cetane,0.459,iso-cetane,0.541,,,,,,,,,,,,,,,,,,,59.1,58.90002088,,,,CCCCCCCCCCCCCCCC,C(C)(C)CC(C)CC(C)(C)CC(C)(C)C,,,,,,,,,
52.7%n-cetane-47.3%iso-cetane,"n-cetane: 52.7, iso-cetane: 47.3",,,n-cetane,0.527,iso-cetane,0.473,,,,,,,,,,,,,,,,,,,65,62.87186211,,,,CCCCCCCCCCCCCCCC,C(C)(C)CC(C)CC(C)(C)CC(C)(C)C,,,,,,,,,
26.1%n-dodecane-73.9%iso-octane,"n-dodecane: 26.1, iso-octane: 73.9",,,n-dodecane,0.261,iso-octane,0.739,,,,,,,,,,,,,,,,,,,45,41.83021928,,,,CCCCCCCCCCCC,CC(C)CC(C)(C)C,,,,,,,,,
34.6%n-dodecane-65.4%iso-octane,"n-dodecane: 34.6, iso-octane: 65.4",,,n-dodecane,0.346,iso-octane,0.654,,,,,,,,,,,,,,,,,,,50,47.70464804,,,,CCCCCCCCCCCC,CC(C)CC(C)(C)C,,,,,,,,,
44.2%n-dodecane-55.8%iso-octane,"n-dodecane: 44.2, iso-octane: 55.8",,,n-dodecane,0.442,iso-octane,0.558,,,,,,,,,,,,,,,,,,,55,53.54831486,,,,CCCCCCCCCCCC,CC(C)CC(C)(C)C,,,,,,,,,
51.9%n-dodecane-48.1%iso-octane,"n-dodecane: 51.9, iso-octane: 48.1",,,n-dodecane,0.519,iso-octane,0.481,,,,,,,,,,,,,,,,,,,59.1,57.93492912,,,,CCCCCCCCCCCC,CC(C)CC(C)(C)C,,,,,,,,,
66.2%n-dodecane-33.8%iso-octane,"n-dodecane: 66.2, iso-octane: 33.8",,,n-dodecane,0.662,iso-octane,0.338,,,,,,,,,,,,,,,,,,,65,64.79980732,,,,CCCCCCCCCCCC,CC(C)CC(C)(C)C,,,,,,,,,
35.4%n-decane-64.6%iso-octane,"n-decane: 35.4, iso-octane: 64.6",,,n-decane,0.354,iso-octane,0.646,,,,,,,,,,,,,,,,,,,45,43.9727555,,,,CCCCCCCCCC,CC(C)CC(C)(C)C,,,,,,,,,
46.7%n-decane-53.3%iso-octane,"n-decane: 46.7, iso-octane: 53.3",,,n-decane,0.467,iso-octane,0.533,,,,,,,,,,,,,,,,,,,50,49.29043469,,,,CCCCCCCCCC,CC(C)CC(C)(C)C,,,,,,,,,
61%n-decane-39%iso-octane,"n-decane: 61, iso-octane: 39",,,n-decane,0.61,iso-octane,0.39,,,,,,,,,,,,,,,,,,,55,53.08696152,,,,CCCCCCCCCC,CC(C)CC(C)(C)C,,,,,,,,,
74.4%n-decane-25.6%iso-octane,"n-decane: 74.4, iso-octane: 25.6",,,n-decane,0.744,iso-octane,0.256,,,,,,,,,,,,,,,,,,,59.1,57.66757513,,,,CCCCCCCCCC,CC(C)CC(C)(C)C,,,,,,,,,
93.4%n-decane-6.6%iso-octane,"n-decane: 93.4, iso-octane: 6.6",,,n-decane,0.934,iso-octane,0.066,,,,,,,,,,,,,,,,,,,65,66.10986536,,,,CCCCCCCCCC,CC(C)CC(C)(C)C,,,,,,,,,
20.37%n-heptane-79.63%n-butylcyclohexane,"n-heptane: 20.37, n-butylcyclohexane: 79.63",,,n-heptane,0.2037,n-butylcyclohexane,0.7963,,,,,,,,,,,,,,,,,,,48.4915,48.31914969,,,,CCCCCCC,CCCCC1CCCCC1,,,,,,,,,
40.56%n-heptane-59.44%n-butylcyclohexane,"n-heptane: 40.56, n-butylcyclohexane: 59.44",,,n-heptane,0.4056,n-butylcyclohexane,0.5944,,,,,,,,,,,,,,,,,,,49.4207,49.32401062,,,,CCCCCCC,CCCCC1CCCCC1,,,,,,,,,
59.96%n-heptane-40.04%n-butylcyclohexane,"n-heptane: 59.96, n-butylcyclohexane: 40.04",,,n-heptane,0.5996,n-butylcyclohexane,0.4004,,,,,,,,,,,,,,,,,,,50.2142,50.25797687,,,,CCCCCCC,CCCCC1CCCCC1,,,,,,,,,
79.68%n-heptane-20.32%n-butylcyclohexane,"n-heptane: 79.68, n-butylcyclohexane: 20.32",,,n-heptane,0.7968,n-butylcyclohexane,0.2032,,,,,,,,,,,,,,,,,,,51.4173,51.64956746,,,,CCCCCCC,CCCCC1CCCCC1,,,,,,,,,
19.93%n-heptane-80.07%decalin,"n-heptane: 19.93, decalin: 80.07",,,n-heptane,0.1993,decalin,0.8007,,,,,,,,,,,,,,,,,,,40.4283,40.17546066,,,,CCCCCCC,C1CCC2CCCCC2C1,,,,,,,,,
39.8%n-heptane-60.2%decalin,"n-heptane: 39.8, decalin: 60.2",,,n-heptane,0.398,decalin,0.602,,,,,,,,,,,,,,,,,,,42.998,42.46286118,,,,CCCCCCC,C1CCC2CCCCC2C1,,,,,,,,,
59.82%n-heptane-40.18%decalin,"n-heptane: 59.82, decalin: 40.18",,,n-heptane,0.5982,decalin,0.4018,,,,,,,,,,,,,,,,,,,45.4308,45.0952782,,,,CCCCCCC,C1CCC2CCCCC2C1,,,,,,,,,
79.84%n-heptane-20.16%decalin,"n-heptane: 79.84, decalin: 20.16",,,n-heptane,0.7984,decalin,0.2016,,,,,,,,,,,,,,,,,,,50.4604,49.88029827,,,,CCCCCCC,C1CCC2CCCCC2C1,,,,,,,,,
39.96%n-heptane-60.04%cycloheptane,"n-heptane: 39.96, cycloheptane: 60.04",,,n-heptane,0.3996,cycloheptane,0.6004,,,,,,,,,,,,,,,,,,,40.1276,37.08511837,,,,CCCCCCC,C1CCCCCC1,,,,,,,,,
60.76%n-heptane-39.24%cycloheptane,"n-heptane: 60.76, cycloheptane: 39.24",,,n-heptane,0.6076,cycloheptane,0.3924,,,,,,,,,,,,,,,,,,,44.0627,42.06371395,,,,CCCCCCC,C1CCCCCC1,,,,,,,,,
79.69%n-heptane-20.31%cycloheptane,"n-heptane: 79.69, cycloheptane: 20.31",,,n-heptane,0.7969,cycloheptane,0.2031,,,,,,,,,,,,,,,,,,,48.8205,47.49291549,,,,CCCCCCC,C1CCCCCC1,,,,,,,,,
20.11%n-heptane-79.89%methylcyclohexane,"n-heptane: 20.11, methylcyclohexane: 79.89",,,n-heptane,0.2011,methylcyclohexane,0.7989,,,,,,,,,,,,,,,,,,,29.6308,29.20362981,,,,CCCCCCC,CC1CCCCC1,,,,,,,,,
40.12%n-heptane-59.88%methylcyclohexane,"n-heptane: 40.12, methylcyclohexane: 59.88",,,n-heptane,0.4012,methylcyclohexane,0.5988,,,,,,,,,,,,,,,,,,,35.8905,35.50723894,,,,CCCCCCC,CC1CCCCC1,,,,,,,,,
60.3%n-heptane-39.7%methylcyclohexane,"n-heptane: 60.3, methylcyclohexane: 39.7",,,n-heptane,0.603,methylcyclohexane,0.397,,,,,,,,,,,,,,,,,,,41.6032,41.38058505,,,,CCCCCCC,CC1CCCCC1,,,,,,,,,
79.69%n-heptane-20.31%methylcyclohexane,"n-heptane: 79.69, methylcyclohexane: 20.31",,,n-heptane,0.7969,methylcyclohexane,0.2031,,,,,,,,,,,,,,,,,,,47.7271,47.14625302,,,,CCCCCCC,CC1CCCCC1,,,,,,,,,
19.80%n-heptane-80.20%cyclooctane,"n-heptane: 19.80, cyclooctane: 80.20",,,n-heptane,0.198,cyclooctane,0.802,,,,,,,,,,,,,,,,,,,27.5811,27.2153866,,,,CCCCCCC,C1CCCCCCC1,,,,,,,,,
39.82%n-heptane-60.18%cyclooctane,"n-heptane: 39.82, cyclooctane: 60.18",,,n-heptane,0.3982,cyclooctane,0.6018,,,,,,,,,,,,,,,,,,,31.7907,32.43511626,,,,CCCCCCC,C1CCCCCCC1,,,,,,,,,
59.84%n-heptane-40.16%cyclooctane,"n-heptane: 59.84, cyclooctane: 40.16",,,n-heptane,0.5984,cyclooctane,0.4016,,,,,,,,,,,,,,,,,,,39.4171,39.43472405,,,,CCCCCCC,C1CCCCCCC1,,,,,,,,,
79.54%n-heptane-20.46%cyclooctane,"n-heptane: 79.54, cyclooctane: 20.46",,,n-heptane,0.7954,cyclooctane,0.2046,,,,,,,,,,,,,,,,,,,45.9505,46.41568041,,,,CCCCCCC,C1CCCCCCC1,,,,,,,,,
20.12%n-heptane-79.88%cyclohexane,"n-heptane: 20.12, cyclohexane: 79.88",,,n-heptane,0.2012,cyclohexane,0.7988,,,,,,,,,,,,,,,,,,,25.1206,23.86454797,,,,CCCCCCC,C1CCCCC1,,,,,,,,,
39.83%n-heptane-60.17%cyclohexane,"n-heptane: 39.83, cyclohexane: 60.17",,,n-heptane,0.3983,cyclohexane,0.6017,,,,,,,,,,,,,,,,,,,30.5606,30.54675589,,,,CCCCCCC,C1CCCCC1,,,,,,,,,
59.84%n-heptane-40.16%cyclohexane,"n-heptane: 59.84, cyclohexane: 40.16",,,n-heptane,0.5984,cyclohexane,0.4016,,,,,,,,,,,,,,,,,,,38.3237,38.82324235,,,,CCCCCCC,C1CCCCC1,,,,,,,,,
80.16%n-heptane-15.43%cyclohexane,"n-heptane: 80.16, cyclohexane: 15.43",,,n-heptane,0.8016,cyclohexane,0.1543,,,,,,,,,,,,,,,,,,,45.403,46.05067437,,,,CCCCCCC,C1CCCCC1,,,,,,,,,
19.83%n-heptane-80.17%cyclopentane,"n-heptane: 19.83, cyclopentane: 80.17",,,n-heptane,0.1983,cyclopentane,0.8017,,,,,,,,,,,,,,,,,,,19.3806,20.82483334,,,,CCCCCCC,C1CCCC1,,,,,,,,,
37.83%n-heptane-62.17%cyclopentane,"n-heptane: 37.83, cyclopentane: 62.17",,,n-heptane,0.3783,cyclopentane,0.6217,,,,,,,,,,,,,,,,,,,24.2763,26.13183236,,,,CCCCCCC,C1CCCC1,,,,,,,,,
59.84%n-heptane-40.16%cyclopentane,"n-heptane: 59.84, cyclopentane: 40.16",,,n-heptane,0.5984,cyclopentane,0.4016,,,,,,,,,,,,,,,,,,,36.6836,37.45182797,,,,CCCCCCC,C1CCCC1,,,,,,,,,
79.85%n-heptane-20.15%cyclopentane,"n-heptane: 79.85, cyclopentane: 20.15",,,n-heptane,0.7985,cyclopentane,0.2015,,,,,,,,,,,,,,,,,,,44.8567,45.4120707,,,,CCCCCCC,C1CCCC1,,,,,,,,,
"88.19%n-hexadecane-11.81%2,2,4,4,6,8,8-heptamethylnonane",n-hexadecane: 88.19,,,n-hexadecane,0.8819,"2,2,4,4,6,8,8-heptamethylnonane",0.1181,,,,,,,,,,,,,,,,,,,90,90.0503745,,,,CCCCCCCCCCCCCCCC,CC(CC(C)(C)C)CC(C)(C)CC(C)(C)C,,,,,,,,,
"76.4%n-hexadecane-23.6%2,2,4,4,6,8,8-heptamethylnonane",n-hexadecane: 76.4,,,n-hexadecane,0.764,"2,2,4,4,6,8,8-heptamethylnonane",0.236,,,,,,,,,,,,,,,,,,,80,79.98894844,,,,CCCCCCCCCCCCCCCC,CC(CC(C)(C)C)CC(C)(C)CC(C)(C)C,,,,,,,,,
"64.61%n-hexadecane-35.39%2,2,4,4,6,8,8-heptamethylnonane",n-hexadecane: 64.61,,,n-hexadecane,0.6461,"2,2,4,4,6,8,8-heptamethylnonane",0.3539,,,,,,,,,,,,,,,,,,,70,70.5455452,,,,CCCCCCCCCCCCCCCC,CC(CC(C)(C)C)CC(C)(C)CC(C)(C)C,,,,,,,,,
"52.84%n-hexadecane-47.16%2,2,4,4,6,8,8-heptamethylnonane",n-hexadecane: 52.84,,,n-hexadecane,0.5284,"2,2,4,4,6,8,8-heptamethylnonane",0.4716,,,,,,,,,,,,,,,,,,,60,62.67819186,,,,CCCCCCCCCCCCCCCC,CC(CC(C)(C)C)CC(C)(C)CC(C)(C)C,,,,,,,,,
"41.08%n-hexadecane-58.92%2,2,4,4,6,8,8-heptamethylnonane",n-hexadecane: 41.08,,,n-hexadecane,0.4108,"2,2,4,4,6,8,8-heptamethylnonane",0.5892,,,,,,,,,,,,,,,,,,,50,53.13389611,,,,CCCCCCCCCCCCCCCC,CC(CC(C)(C)C)CC(C)(C)CC(C)(C)C,,,,,,,,,
"29.33%n-hexadecane-70.67%2,2,4,4,6,8,8-heptamethylnonane",n-hexadecane: 29.33,,,n-hexadecane,0.2933,"2,2,4,4,6,8,8-heptamethylnonane",0.7067,,,,,,,,,,,,,,,,,,,40,43.04470362,,,,CCCCCCCCCCCCCCCC,CC(CC(C)(C)C)CC(C)(C)CC(C)(C)C,,,,,,,,,
"17.59%n-hexadecane-82.41%2,2,4,4,6,8,8-heptamethylnonane",n-hexadecane: 17.59,,,n-hexadecane,0.1759,"2,2,4,4,6,8,8-heptamethylnonane",0.8241,,,,,,,,,,,,,,,,,,,30,30.56952289,,,,CCCCCCCCCCCCCCCC,CC(CC(C)(C)C)CC(C)(C)CC(C)(C)C,,,,,,,,,
"5.86%n-hexadecane-94.14%2,2,4,4,6,8,8-heptamethylnonane",n-hexadecane: 5.86,,,n-hexadecane,0.0586,"2,2,4,4,6,8,8-heptamethylnonane",0.9414,,,,,,,,,,,,,,,,,,,20,19.78717121,,,,CCCCCCCCCCCCCCCC,CC(CC(C)(C)C)CC(C)(C)CC(C)(C)C,,,,,,,,,
25%n-dodecane-75%iso-butylbenzene,"n-dodecane: 25, iso-butylbenzene: 75",,,n-dodecane,0.25,iso-butylbenzene,0.75,,,,,,,,,,,,,,,,,,,,,216.592,214.7716341,,CCCCCCCCCCCC,CC(C)CC1=CC=CC=C1,,,,,,,,,
50%n-dodecane-50%iso-butylbenzene,"n-dodecane: 50, iso-butylbenzene: 50",,,n-dodecane,0.5,iso-butylbenzene,0.5,,,,,,,,,,,,,,,,,,,,,166.816,164.1036445,,CCCCCCCCCCCC,CC(C)CC1=CC=CC=C1,,,,,,,,,
75%n-dodecane-25%iso-butylbenzene,"n-dodecane: 75, iso-butylbenzene: 25",,,n-dodecane,0.75,iso-butylbenzene,0.25,,,,,,,,,,,,,,,,,,,,,110.987,110.034806,,CCCCCCCCCCCC,CC(C)CC1=CC=CC=C1,,,,,,,,,
"36.24%2,2,4,4,6,8,8-heptamethylnonane-27.61%n-hexadecane-20.61%1-methylnaphthalene-15.55%cis-decalin ","n-hexadecane: 27.61, 1-methylnaphthalene: 20.61, cis-decalin: 15.55",,,n-hexadecane,0.2761,1-methylnaphthalene,0.2061,cis-decalin,0.1555,,,,,,,,,,,,,,,,,,,87.488,89.08925373,,CCCCCCCCCCCCCCCC,CC1=CC=CC2=CC=CC=C12,C1CCC2CCCCC2C1,,,,,,,,
"27.2%2,2,4,4,6,8,8-heptamethylnonane-23.46%n-octadecane-21.17%1,2,3,4-tetrahydronaphthalene (Tetralin)-15.75%1-methylnaphthalene-12.42%1,2,4-trimethylbenzene","n-octadecane: 23.46, 1-methylnaphthalene: 15.75",,,n-octadecane,0.2346,1-methylnaphthalene,0.1575,,,,,,,,,,,,,,,,,,,,,107.84,108.5068284,,CCCCCCCCCCCCCCCCCC,CC1=CC=CC2=CC=CC=C12,,,,,,,,,
"28.97%2,2,4,4,6,8,8-heptamethylnonane-19.89%n-octadecane-15.6%1,2,3,4-tetrahydronaphthalene (Tetralin)-14.5%1-methylnaphthalene-7.8%1,2,4-trimethylbenzene-5.42%cis-decalin-5.35%n-butylcyclohexane-2.48%n-hexadecane","n-octadecane: 19.89, 1-methylnaphthalene: 14.5, cis-decalin: 5.42, n-butylcyclohexane: 5.35, n-hexadecane: 2.48",,,n-octadecane,0.1989,1-methylnaphthalene,0.145,cis-decalin,0.0542,n-butylcyclohexane,0.0535,n-hexadecane,0.0248,,,,,,,,,,,,,,,96.192,96.28860659,,CCCCCCCCCCCCCCCCCC,CC1=CC=CC2=CC=CC=C12,C1CCC2CCCCC2C1,CCCCC1CCCCC1,CCCCCCCCCCCCCCCC,,,,,,
"15.04%1,3,5-triisopropylbenzene-10.66%n-octadecane-19.34%n-butylcyclohexane-11.17%1,3,5-triisopropylcyclohexane-16.41%1,2,3,4-tetrahydronaphthalene (Tetralin)-13.99%1-methylnaphthalene-7.11%2-methylheptadecane-5.64%perhydrophenanthrene-0.64%n-eicosane","n-octadecane: 10.66, n-butylcyclohexane: 19.34, 1-methylnaphthalene: 13.99, 2-methylheptadecane: 7.11, perhydrophenanthrene: 5.64, n-eicosane: 0.64",,,n-octadecane,0.1066,n-butylcyclohexane,0.1934,1-methylnaphthalene,0.1399,2-methylheptadecane,0.0711,perhydrophenanthrene,0.0564,n-eicosane,0.0064,,,,,,,,,,,,,118.144,122.8969302,,CCCCCCCCCCCCCCCCCC,CCCCC1CCCCC1,CC1=CC=CC2=CC=CC=C12,CCCCCCCCCCCCCCCC(C)C,C1CCC2C(C1)CCC3C2CCCC3,CCCCCCCCCCCCCCCCCCCC,,,,,
"71.44%n-dodecane-28.56%1,3,5-trimethylbenzene",n-dodecane: 71.44,,,n-dodecane,0.7144,"1,3,5-trimethylbenzene",0.2856,,,,,,,,,,,,,,,,,,,,,67.52,68.49418732,,CCCCCCCCCCCC,CC1=CC(=CC(=C1)C)C,,,,,,,,,
"17.74%n-dodecane-28.28%1,3,5-trimethylbenzene-53.99%2,2,4-trimethylpentane",n-dodecane: 17.74,,,n-dodecane,0.1774,"1,3,5-trimethylbenzene",0.2828,"2,2,4-trimethylpentane",0.5399,,,,,,,,,,,,,,,,,,,79.808,79.23708712,,CCCCCCCCCCCC,CC1=CC(=CC(=C1)C)C,,,,,,,,,
"40.77%n-dodecane-6.93%1,3,5-trimethylbenzene-29.18%2,2,4-trimethylpentane-23.11%n-propylbenzene","n-dodecane: 40.77, n-propylbenzene: 23.11",,,n-dodecane,0.4077,n-propylbenzene,0.2311,,,,,,,,,,,,,,,,,,,,,67.072,66.7496659,,CCCCCCCCCCCC,CCCC1=CC=CC=C1,,,,,,,,,
"22.51%n-dodecane-24.69%2,2,4,4,6,8,8-heptamethylnonane-24.72%1-methylnaphthalene-21.15%methylcyclohexane-6.93%cis-decalin ","n-dodecane: 22.51, 1-methylnaphthalene: 24.72, methylcyclohexane: 21.15, cis-decalin: 6.93",,,n-dodecane,0.2251,1-methylnaphthalene,0.2472,methylcyclohexane,0.2115,cis-decalin,0.0693,,,,,,,,,,,,,,,,,112.384,116.8491921,,CCCCCCCCCCCC,CC1=CC=CC2=CC=CC=C12,CC1CCCCC1,C1CCC2CCCCC2C1,,,,,,,
"29.65%n-dodecane-20.36%n-tetradecane-20.57%methylcyclohexane-14.95%1,3-dimethylbenzene (m-Xylene)-10.10%2,2,4-trimethylpentane-4.37%1,2,3,4-tetrahydronaphthalene (Tetralin)","n-dodecane: 29.65, n-tetradecane: 20.36, methylcyclohexane: 20.57",,,n-dodecane,0.2965,n-tetradecane,0.2036,methylcyclohexane,0.2057,,,,,,,,,,,,,,,,,,,56.512,61.49224473,,CCCCCCCCCCCC,CCCCCCCCCCCCCC,CC1CCCCC1,,,,,,,,
