Index,Feature_Name
0,Feature_0
1,Feature_1
2,Feature_2
3,Feature_3
4,Feature_4
5,Feature_5
6,Feature_6
7,Feature_7
8,Feature_8
9,Feature_9
10,Feature_10
11,Feature_11
12,Feature_12
13,Feature_13
14,Feature_14
15,Feature_15
16,Feature_16
17,Feature_17
18,Feature_18
19,Feature_19
20,Feature_20
21,Feature_21
22,Feature_22
23,Feature_23
24,Feature_24
25,Feature_25
26,Feature_26
27,Feature_27
28,Feature_28
29,Feature_29
30,Feature_30
31,Feature_31
32,Feature_32
33,Feature_33
34,Feature_34
35,Feature_35
36,Feature_36
37,Feature_37
38,Feature_38
39,Feature_39
40,Feature_40
41,Feature_41
42,Feature_42
43,Feature_43
44,Feature_44
45,Feature_45
46,Feature_46
47,Feature_47
48,Feature_48
49,Feature_49
50,Feature_50
51,Feature_51
52,Feature_52
53,Feature_53
54,Feature_54
55,Feature_55
56,Feature_56
57,Feature_57
58,Feature_58
59,Feature_59
60,Feature_60
61,Feature_61
62,Feature_62
63,Feature_63
64,Feature_64
65,Feature_65
66,Feature_66
67,Feature_67
68,Feature_68
69,Feature_69
70,Feature_70
71,Feature_71
72,Feature_72
73,Feature_73
74,Feature_74
75,Feature_75
76,Feature_76
77,Feature_77
78,Feature_78
79,Feature_79
80,Feature_80
81,Feature_81
82,Feature_82
83,Feature_83
84,Feature_84
85,Feature_85
86,Feature_86
87,Feature_87
88,Feature_88
89,Feature_89
90,Feature_90
91,Feature_91
92,Feature_92
93,Feature_93
94,Feature_94
95,Feature_95
96,Feature_96
97,Feature_97
98,Feature_98
99,Feature_99
100,Feature_100
101,Feature_101
102,Feature_102
103,Feature_103
104,Feature_104
105,Feature_105
106,Feature_106
107,Feature_107
108,Feature_108
109,Feature_109
110,Feature_110
111,Feature_111
112,Feature_112
113,Feature_113
114,Feature_114
115,Feature_115
116,Feature_116
117,Feature_117
118,Feature_118
119,Feature_119
120,Feature_120
121,Feature_121
122,Feature_122
123,Feature_123
124,Feature_124
125,Feature_125
126,Feature_126
127,Feature_127
128,Feature_128
129,Feature_129
130,Feature_130
131,Feature_131
132,Feature_132
133,Feature_133
134,Feature_134
135,Feature_135
136,Feature_136
137,Feature_137
138,Feature_138
139,Feature_139
140,Feature_140
141,Feature_141
142,Feature_142
143,Feature_143
144,Feature_144
145,Feature_145
146,Feature_146
147,Feature_147
148,Feature_148
149,Feature_149
150,Feature_150
151,Feature_151
152,Feature_152
153,Feature_153
154,Feature_154
155,Feature_155
156,Feature_156
157,Feature_157
158,Feature_158
159,Feature_159
160,Feature_160
161,Feature_161
162,Feature_162
163,Feature_163
164,Feature_164
165,Feature_165
166,Feature_166
167,Feature_167
168,Feature_168
169,Feature_169
170,Feature_170
171,Feature_171
172,Feature_172
173,Feature_173
174,Feature_174
175,Feature_175
176,Feature_176
177,Feature_177
178,Feature_178
179,Feature_179
180,Feature_180
181,Feature_181
182,Feature_182
183,Feature_183
184,Feature_184
185,Feature_185
186,Feature_186
187,Feature_187
188,Feature_188
189,Feature_189
190,Feature_190
191,Feature_191
192,Feature_192
193,Feature_193
194,Feature_194
195,Feature_195
196,Feature_196
197,Feature_197
198,Feature_198
199,Feature_199
200,Feature_200
201,Feature_201
202,Feature_202
203,Feature_203
204,Feature_204
205,Feature_205
206,Feature_206
207,Feature_207
208,Feature_208
209,Feature_209
210,Feature_210
211,Feature_211
212,Feature_212
213,Feature_213
214,Feature_214
215,Feature_215
216,Feature_216
217,Feature_217
218,Feature_218
219,Feature_219
220,Feature_220
221,Feature_221
222,Feature_222
223,Feature_223
224,Feature_224
225,Feature_225
226,Feature_226
227,Feature_227
228,Feature_228
229,Feature_229
230,Feature_230
231,Feature_231
232,Feature_232
233,Feature_233
234,Feature_234
235,Feature_235
236,Feature_236
237,Feature_237
238,Feature_238
239,Feature_239
240,Feature_240
241,Feature_241
242,Feature_242
243,Feature_243
244,Feature_244
245,Feature_245
246,Feature_246
247,Feature_247
248,Feature_248
249,Feature_249
250,Feature_250
251,Feature_251
252,Feature_252
253,Feature_253
254,Feature_254
255,Feature_255
256,Feature_256
257,Feature_257
258,Feature_258
259,Feature_259
260,Feature_260
261,Feature_261
262,Feature_262
263,Feature_263
264,Feature_264
265,Feature_265
266,Feature_266
267,Feature_267
268,Feature_268
269,Feature_269
270,Feature_270
271,Feature_271
272,Feature_272
273,Feature_273
274,Feature_274
275,Feature_275
276,Feature_276
277,Feature_277
278,Feature_278
279,Feature_279
280,Feature_280
281,Feature_281
282,Feature_282
283,Feature_283
284,Feature_284
285,Feature_285
286,Feature_286
287,Feature_287
288,Feature_288
289,Feature_289
290,Feature_290
291,Feature_291
292,Feature_292
293,Feature_293
294,Feature_294
295,Feature_295
296,Feature_296
297,Feature_297
298,Feature_298
299,Feature_299
