biodiesel,fame_cn,best_mix_index,best_mix_cn,kl_divergence,cn_difference
Cannabis sativa Linn,36.4,418,25.7,21.914432192178896,10.7
Joannesia princeps Vell,45.2,200,45.0,11.870080898855838,0.20000000000000284
Urtica dioica Linn,38.7,200,45.0,11.270699452712671,-6.299999999999997
Corylus avellana,54.5,200,45.0,12.627719964034675,9.5
Melia azadirach Linn,41.4,200,45.0,11.38074002442444,-3.6000000000000014
Illicium verum Hook,50.7,438,70.0,18.48959375285832,-19.299999999999997
Aleurites moluccana,34.2,200,45.0,11.683097042773328,-10.799999999999997
Broussonetia papyrifera Vent,41.3,200,45.0,12.197503157151202,-3.700000000000003
Croton tiglium Linn,49.9,200,45.0,13.068076371567198,4.899999999999999
Moringa concanensis Nimmo,56.3,200,45.0,11.264733027345248,11.299999999999997
Argemone mexicana,44.5,200,45.0,10.259601248161216,-0.5
Calophyllum apetalum Wild,51.6,200,45.0,11.259350141753446,6.600000000000001
Terminalia chebula Retz,49.6,200,45.0,9.462214918889542,4.600000000000001
Pterygota alata Rbr,51.1,200,45.0,10.18735792606735,6.100000000000001
Princepia utilis Royle,48.9,200,45.0,10.036505930076443,3.8999999999999986
Vallaris solanacea Kuntze,50.3,200,45.0,11.358737608651879,5.299999999999997
Mappia foetida Milers,50.7,200,45.0,11.403192795755412,5.700000000000003
Mesua ferrea Linn,55.1,200,45.0,10.799569851796194,10.100000000000001
Rhus succedanea Linn,52.2,200,45.0,8.74419760070336,7.200000000000003
Aegle marmelos correa Roxb,48.3,200,45.0,9.77690517800675,3.299999999999997
Putranjiva roxburghii,55.0,200,45.0,11.248956531946046,10.0
Thevetia peruviana Merrill,57.5,200,45.0,10.048827468523118,12.5
Jatropa curcas Linn,52.3,200,45.0,9.982810763556916,7.299999999999997
Meyna laxiflora Robyns,50.4,200,45.0,9.552674386197001,5.399999999999999
Swietenia mahagoni Jacq,52.3,200,45.0,11.019217654025933,7.299999999999997
Balanites roxburghii Planch,50.5,200,45.0,9.612715253083804,5.5
Annona reticulata Linn,53.5,200,45.0,9.68621732121684,8.5
Azadirachta indica,57.8,200,45.0,10.192916864722187,12.799999999999997
Mimusops hexendra Roxb,59.3,200,45.0,9.635217559004856,14.299999999999997
Celastrus paniculatus Linn,51.9,200,45.0,8.539574681984323,6.899999999999999
Madhuca indica JF Gmel,56.6,200,45.0,9.596735451423779,11.600000000000001
Aphanamixis polystachya Park,48.5,200,45.0,8.804896833098145,3.5
Canarium commune Linn,55.6,200,45.0,8.124110908777721,10.600000000000001
Holoptelia integrifolia,61.2,200,45.0,7.34666676820529,16.200000000000003
Garcinia echinocarpa Thw,63.1,200,45.0,12.324529825617482,18.1
Garcinia morella Desr,63.5,200,45.0,13.510420572526684,18.5
Anamirta cocculus Wight & Hrn,64.3,200,45.0,11.76882217263879,19.299999999999997
Myristica malabarica Lam,61.8,200,45.0,10.424391281541203,16.799999999999997
Garcinia indica Choisy,65.2,200,45.0,12.643809059196764,20.200000000000003
Madhuca butyracea Mac,65.3,200,45.0,3.696256451070893,20.299999999999997
Neolitsea umbrosa Gamble,60.8,451,63.2,7.325203810078893,-2.4000000000000057
Salvadora oleoides Decne,66.1,451,63.2,10.254773558013127,2.8999999999999915
Neolitsea cassia Linn,64.1,451,63.2,4.261059136211092,0.8999999999999915
Actinodaphne angustifolia,63.2,451,63.2,3.9427843973139804,0.0
Litsea glutinosa Robins,64.8,451,63.2,3.3792905150957577,1.5999999999999943
Soybean,48.0,200,45.0,10.84018702638432,3.0
Cottonseed,52.1,200,45.0,9.393040590077556,7.100000000000001
Jatropha:coconut 50:50,58.0,200,45.0,9.998302112530624,13.0
Holoptelia integrifolia,61.2,200,45.0,7.399010222465764,16.200000000000003
Euphorbia helioscopia L,34.2,200,45.0,10.764199470289148,-10.799999999999997
Actinodaphne angust.,63.2,451,63.2,3.9427843973139796,0.0
Neolitsea cassia Linn,64.0,451,63.2,4.261059136211092,0.7999999999999972
Salvadora persica Linn,67.5,200,45.0,9.481984933808352,22.5
Basella rubra Linn,54.0,200,45.0,9.4230825019648,9.0
Garcinia combogia D.,61.5,200,45.0,12.709823249492514,16.5
Melia azadirach Linn,41.4,200,45.0,11.370010435777168,-3.6000000000000014
Tectona grandis Linn,48.3,200,45.0,10.692599317452327,3.299999999999997
Canola,55.0,200,45.0,11.829088367977139,10.0
Lard,63.6,200,45.0,8.514990167849888,18.6
Linseed,52.0,200,45.0,11.84145092447852,7.0
almond,57.0,200,45.0,11.022929994896884,12.0
camelina,50.4,200,45.0,11.295512062621896,5.399999999999999
camelina,49.0,200,45.0,11.254662107330146,4.0
canola,54.8,200,45.0,11.92962824698898,9.799999999999997
canola,56.2,200,45.0,12.068674550022623,11.200000000000003
canola,53.7,200,45.0,11.995027009499356,8.700000000000003
corn,52.5,200,45.0,10.685868538549236,7.5
corn,53.0,200,45.0,11.665556352706552,8.0
cottonseed,53.3,200,45.0,8.650023025952493,8.299999999999997
cottonseed,51.9,200,45.0,9.087974402740716,6.899999999999999
cottonseed,52.1,200,45.0,9.036233832442491,7.100000000000001
croton,50.6,200,45.0,11.581194975480283,5.600000000000001
high oleic sunflower,53.0,200,45.0,12.027244473703725,8.0
Jatropha,55.7,200,45.0,10.190752546297496,10.700000000000003
Jatropha,55.7,200,45.0,10.101481467184776,10.700000000000003
Jatropha,54.0,200,45.0,10.116922433301504,9.0
JP 50:50a,59.0,200,45.0,8.257256808420285,14.0
JT 80:20b,59.2,200,45.0,9.804015529298763,14.200000000000003
karanja,55.4,200,45.0,10.69841376671808,10.399999999999999
mahua,61.4,200,45.0,8.774266053795953,16.4
neem,58.7,200,45.0,9.582838006092302,13.700000000000003
olive,58.9,200,45.0,10.825346369399798,13.899999999999999
olive,57.0,200,45.0,10.804564824257898,12.0
palm,61.2,200,45.0,6.450218578038812,16.200000000000003
palm,60.4,200,45.0,6.477891169712002,15.399999999999999
palm,61.0,200,45.0,7.174102898796929,16.0
palm,62.76,200,45.0,6.341103986395124,17.759999999999998
peanut,54.31,200,45.0,10.67930759682988,9.310000000000002
peanut,54.9,200,45.0,10.773549165511817,9.899999999999999
peanut,53.0,200,45.0,11.204256165250072,8.0
rapeseed,54.1,200,45.0,12.054056181983416,9.100000000000001
rapeseed,53.7,200,45.0,11.985087273150668,8.700000000000003
rapeseed,52.86,200,45.0,12.12153308388658,7.859999999999999
rapeseed,55.0,200,45.0,11.626389574188535,10.0
rice bran,56.3,200,45.0,9.650327538939184,11.299999999999997
rubberseed,50.4,200,45.0,10.847574472237879,5.399999999999999
rubberseed,51.0,200,45.0,10.378898815285728,6.0
safflower,51.8,200,45.0,11.560664276413025,6.799999999999997
safflower,51.1,200,45.0,11.402526494480714,6.100000000000001
soybean,51.8,200,45.0,10.627529945324339,6.799999999999997
soybean,51.3,200,45.0,10.598688569727358,6.299999999999997
soybean,50.7,200,45.0,10.759438413697257,5.700000000000003
soybean,51.8,200,45.0,10.805284227942519,6.799999999999997
soybean,49.0,200,45.0,10.659432394016621,4.0
sunflower,51.9,200,45.0,11.690578565053627,6.899999999999999
sunflower,51.1,200,45.0,11.631785965087257,6.100000000000001
sunflower,50.0,200,45.0,11.67167111003401,5.0
tallow,60.4,200,45.0,8.584486617741765,15.399999999999999
waste cooking,56.2,200,45.0,9.894964631883372,11.200000000000003
yellow grease,56.3,200,45.0,9.79203937485157,11.299999999999997
LME [18],63.6,200,45.0,8.461081424700582,18.6
SFME [19],49.0,200,45.0,11.82763717647198,4.0
WPME [19],60.4,200,45.0,6.85539614207918,15.399999999999999
JME [54],54.0,200,45.0,10.236040583969814,9.0
JME [51],57.1,200,45.0,10.228426939576304,12.100000000000001
PGME [51],55.1,200,45.0,11.102361031319532,10.100000000000001
SME [53],47.7,200,45.0,11.047515277775782,2.700000000000003
RME [44],54.0,200,45.0,11.414696479363451,9.0
RME [52],52.2,200,45.0,11.896998625572358,7.200000000000003
SME [45],51.3,200,45.0,10.588396643075352,6.299999999999997
PEME [45],54.0,200,45.0,9.77716183154136,9.0
CRME [45],55.4,200,45.0,10.804552773405286,10.399999999999999
SFME [45],51.6,200,45.0,11.985736896834206,6.600000000000001
RME [45],54.5,200,45.0,11.84981635904052,9.5
PME [45],62.0,200,45.0,5.583393257652081,17.0
PKME [45],62.1,209,65.0,5.408324154552576,-2.8999999999999986
WFME [45],55.0,200,45.0,8.268266154597086,10.0
SME [47],51.0,200,45.0,10.653425218443353,6.0
SME [48],51.5,200,45.0,10.75731795316977,6.5
SME [55],47.2,200,45.0,10.682342127968248,2.200000000000003
CAME [55],55.0,200,45.0,11.727622176211145,10.0
LME [55],63.6,200,45.0,8.571547727965855,18.6
TME1 [55],62.9,200,45.0,8.45338770396076,17.9
TME2 [55],61.7,200,45.0,8.651872347812272,16.700000000000003
YGME [55],57.8,200,45.0,10.677714392492753,12.799999999999997
SME [42],54.0,200,45.0,10.73376311499546,9.0
Camelina [56],52.8,200,45.0,11.1824487633419,7.799999999999997
Coriander [57],53.3,200,45.0,11.98625721199702,8.299999999999997
Macadamia [58],57.5,200,45.0,11.141920350390773,12.5
SME [50],51.8,200,45.0,10.645314946425517,6.799999999999997
RSME [46],52.5,200,45.0,9.337659341384802,7.5
GME [26],48.0,200,45.0,11.59135450421384,3.0
SME [49],49.0,200,45.0,11.034669918187483,4.0
SFME [49],47.0,200,45.0,11.252765145092376,2.0
