rank,smiles,cn,cn_error,ysi,bp,density,lhv,dynamic_viscosity,tanimoto
1,CCCCCC(OCC)OCC,65.693,0.307,55.9462910296038,200.36623343643816,902.7147185924508,33.371389774380525,2.016190694592684,0.65
2,CCCCCCCCCC(=O)OCCCCCC,67.1,1.1,104.94586943111202,225.08086829058868,857.7924957429326,35.35675027538684,4.413183959563132,1.0
3,CCCCCCCCCCOC(=O)CCCC,64.689,1.311,104.88865127456775,230.8813189404944,857.5881312216801,34.9563810362112,3.859622513139008,1.0
4,CCCCOC(=O)CCCCCCCC(=O)OCCCC,68.67,2.67,110.89488084014785,240.28062265566805,939.9985099100676,32.79491352891994,7.69998465910432,1.0
5,CCCCCCCCCCCCO,62.625,3.375,80.51079674448397,248.77261574774263,836.9945501334653,39.558103881766996,12.647345772819177,1.0
6,CCCCCCCCCCCC(=O)OCCCC,69.515,3.515,105.1978945196915,228.9253851953506,857.5045130515729,35.41252387093175,4.317210374146772,1.0
7,CCCCCCCC(OCC)OCC,62.063,3.937,70.94093438916539,240.20621831785456,903.6994821166227,34.620488586840416,2.88366882914037,0.6190476190476191
8,CCCCCCCCCCOC(=O)C,60.992,5.008,89.97817403235139,237.48141971990498,864.7879913476087,34.163846034691524,2.491816918864589,1.0
9,CCCCCCCCCCCCOC(=O)CCCC,71.183,5.183,114.17450677005532,224.52883374513434,857.7004495767144,35.70827662408367,4.911796929402493,1.0
10,CCCCCCOC(CCC)CCC,60.052,5.948,84.50523323388404,234.6523470564737,766.2949205893971,38.753160988682076,2.4384208333217816,0.4583333333333333
11,CCCCCCCCCC(=O)OCCCC,59.314,6.686,87.48301792507397,238.88293568716287,857.500550032168,34.54179895736878,3.454745490939746,1.0
12,CCCCCCCCCCCC(=O)OCCCCCC,74.929,8.929,120.01371996772815,226.85954472222264,857.929829991037,36.078419835607974,5.422143437328199,1.0
13,CCCCCCCCCCCCOC(=O)C,75.615,9.615,93.84333230996097,235.88238149035902,864.372653729319,34.94025969320082,3.478101453316466,1.0
14,CCCCCCCCCCCO,56.313,9.687,72.57187411073254,237.34231900417458,836.9564219045816,39.27035751380349,12.56356432652764,1.0
15,CCCCCCCCCCCCCCOC(=O)CCCC,76.11,10.11,129.21737908837156,229.64580777777817,858.0807858922797,36.378441867742666,5.618972891815209,1.0
16,CCCCCCCCCC(=O)OCCC,55.853,10.147,80.27265703967242,246.58731697189288,857.9362515314812,34.20504508701521,2.8927402752435674,1.0
17,CCCCCCCCCCC(=O)OC,55.568,10.432,79.5784771718331,245.55056435358182,867.679707412321,34.24611241394615,2.6052838881633407,1.0
18,CCCCCCCCOC(C)C(=O)OCC,54.982,11.018,80.47410104344931,245.31593145999477,947.3647575679474,32.491270462812956,4.7636183922137265,0.4838709677419355
19,CCCCCCCCCCCCCC(=O)OCCCCCC,78.695,12.695,138.19988283107023,230.81775119047663,857.9171162261725,36.591182699889615,6.11262158974881,1.0
20,CCCCCCCCCCCCCC(=O)OCCCCCCCC,79.146,13.146,145.68437906994208,246.27555785714333,857.9171162261725,36.69079058955579,8.270730814259473,1.0
21,CCCCCCCCCCCCCCCCOC(=O)CCCC,79.425,13.425,144.1038929329365,240.93722150793698,858.0612806487194,36.636819359806154,6.94023070847726,1.0
22,CCCCOCOCOCCCC,79.686,13.686,47.126812491269625,222.05192861760727,931.8364510904908,32.1483269764973,2.3773636537387035,0.9333333333333333
23,CCCCCCCCCCCC(=O)OCCCCCCCC,79.696,13.696,138.4480535382938,230.318122619048,857.9171162261725,36.560698477503756,6.185500782715009,1.0
24,CCCCCCCCCCOC(=O)CCCCCCCCC,79.839,13.839,138.54423150439547,230.1522654761909,857.8848488029605,36.560698477503756,6.140042636013868,1.0
25,CCCCCCCCC1CCO1,51.771,14.229,80.11172594472293,223.4944019933772,871.0142741590801,36.32039298410088,2.1349787026760656,0.6538461538461539
26,C=COCC1CCC(CC1)COC=C,51.697,14.303,94.84125006769284,237.20460936494288,979.2437592237211,30.568387791093063,5.325131726423651,1.0
27,CCCCCCCCCCCC(=O)OCCCCCCCCCC,80.434,14.434,144.79336603086483,245.84771785714332,857.9171162261725,36.67924700020871,8.153404769748755,1.0
28,CCCCCCCCCCCCCC(=O)OCCCCCCCCCC,80.484,14.484,145.7132025525894,247.87462928571472,857.9171162261725,36.69079058955579,9.549068475899023,1.0
29,CCCCCCCCOC(=O)CCCC,51.276,14.724,86.37652071946462,236.49164500485398,857.6493500668756,33.80094891470298,2.88676322605044,1.0
30,CCCCOCOCOCOCCCC,80.809,14.809,56.45951705561878,238.4760279131199,948.5187780247975,32.05276007392407,3.4698758455691547,0.9333333333333333
31,CCCCCCCCCCCCCCOC(=O)C,81.083,15.083,107.63875635129135,221.77049191738823,864.3607332634713,35.77070993401657,4.467488729922734,1.0
32,CCCCCCCCCCCCOC(=O)CCCCCCCCCCC,81.145,15.145,145.7132025525894,247.75597928571472,857.9171162261725,36.68832242288912,9.51173163715825,1.0
33,CCC(C)CCCC(C)CCCC(C)C,50.582,15.418,114.0477431843557,234.9023091435062,766.3092324022263,44.07440240568194,3.5575056361470447,1.0
34,CCCCCCCCCCCCCCCC(=O)OCCCCCC,81.775,15.775,145.94309285659796,247.06303960317504,857.9171162261725,36.69553768233929,8.280229804775301,1.0
35,CCCC(C)CCCC(C)CCCC(C)C,50.185,15.815,115.04221161793788,247.8833098219128,769.0013756612611,44.071654173215364,4.247797211689649,1.0
36,CCCCCCCCCCO,50.103,15.897,65.9002492502492,227.13096884783107,835.2986568877674,38.82133486100685,11.854423373658065,1.0
37,CCCCCC(CCCCC)OCC,50.087,15.913,85.19167354146485,228.14496319180444,762.6959151931206,38.67587868566293,2.5388951456579574,0.4583333333333333
38,CCCCCCCCCCCCCC(=O)OCCCCCCCCCCCC,81.957,15.957,145.73785941699614,247.9888181746036,857.9171162261725,36.69079058955579,10.537516285957052,1.0
39,CCCCCCCCCC(=O)OC,50.026,15.974,70.01894150085647,230.98720169949314,868.2653062712945,33.79083711516119,2.1425721084370335,1.0
40,CCCCCCC1(CC)CCO1,49.979,16.021,88.93431527674748,224.66628385928897,871.2008390565784,36.21664519145981,2.292214959239579,0.34782608695652173
41,CCCCCCCC1OC(C)C(C)O1,49.894,16.106,89.83453289350528,249.11611070916504,932.9964813312507,34.01834182245037,3.7270606937477035,0.4
42,CCCCC1(CCCC)COC1,48.427,17.573,86.43403355815725,207.0038012361221,871.6752411182133,34.650095473064816,2.1362111803563226,0.35714285714285715
43,CCCCCCCCOC(=O)CCCCCCCCC(=O)OCCCCCCCC,83.75,17.75,143.60640641935024,243.6606238095242,937.0794128237922,36.211839936941644,14.906463791002373,1.0
44,CCCCN(CCCC)CCCC,48.027,17.973,75.35112319372904,210.55925984950414,774.3544971695385,40.271622920306996,2.2384440769803327,0.46153846153846156
45,CCC1CCC(CCCC(C)C)CC1,47.724,18.276,113.89144306685496,228.64894304942274,828.877639425305,43.607581873226664,4.314506698606573,0.4
46,CCCCCCC(CCC)CCC,47.528,18.472,87.87127939716169,227.96497997663533,760.6051995628148,44.07724114071685,2.021686818014578,1.0
47,CCCCCC12CC3CC(CC(C3)C1)C2,47.519,18.481,121.72902290533352,244.79526970492915,842.6878800620648,43.43834638868853,18.616736008934794,1.0
48,CC(C)CCCC1CCC(C)C(C)C1,47.451,18.549,114.8890231550982,226.98975541218283,822.7276669444366,43.582747741049616,4.989017989952369,0.3448275862068966
49,CCCCCCCCCCCCCCCC(=O)OCCCCCCCCCC,84.688,18.688,145.761012197128,248.20971817460358,857.9171162261725,36.69553768233929,11.47729578187472,1.0
50,CC(C)CCCC1CCC2CCCC2C1,47.13,18.87,121.10751714147828,239.52699399613792,838.9226789854816,43.520676825136455,8.006613057423449,0.3333333333333333
51,CCCCCCCCCCCCOC=C,84.926,18.926,94.68032359527173,241.79647531385305,782.6854567685195,38.15270589867763,2.8545078125169647,1.0
52,CCCCCCCCCCCCCCCCOC(=O)CCCCCCCCCCC,85.023,19.023,145.761012197128,248.4529657936512,858.1423716509037,36.69553768233929,12.900347833334543,1.0
53,CCCCC12CC3CC(C1)CC(C3)C2,46.773,19.227,120.58840090405272,238.66303171735694,841.7975145886733,43.443509135069874,12.320230950482486,1.0
54,CCCCCC1OC(C)C(C)O1,46.665,19.335,73.72795408419299,212.4647197620711,932.3492098075683,32.821777372704524,2.5318575601060167,0.3684210526315789
55,CCCCCCOC(C)C(=O)OC,46.593,19.407,60.16324250689914,216.6394166517817,951.2760221206532,30.804593896416307,2.9141949981028383,0.4838709677419355
56,CCCCCCOC(=O)C1=CC=CC=C1C(=O)OCCCCCC,46.503,19.497,120.08805110310726,230.56820884920643,989.1446638880087,32.11454454082799,27.229114159401107,1.0
57,CCCCOC(=O)CCCCC(=O)OCCCC,46.001,19.999,75.97908666881894,221.47885179195163,944.0905350968275,30.568452512334307,6.899296975900255,1.0
58,CCCCCCCCOC(=O)CCCCC(=O)OCCCCCCCC,86.431,20.431,139.9088576215967,220.65860371447067,936.4029570318327,35.446643086405714,11.453172762226155,1.0
59,CCCCCCOC(=O)CCCCCCCC(=O)OCCCCCC,86.447,20.447,137.66875352572947,220.850535143042,937.0794128237922,34.65278190348482,10.612054999459087,1.0
60,CCCCCCCCCCCCCCCCOC(=O)C,86.958,20.958,122.97148439019122,227.22239849206375,864.3193719593891,36.43984321199892,5.383191221157877,1.0
61,CCCCCCCCCO,44.561,21.439,55.87380040269087,210.3784950536846,830.6255998775845,38.11476172390339,11.151807196217808,1.0
62,CCCC12CC3CC(CC(C3)C1)C2,44.325,21.675,116.71163481836533,229.47162123823387,843.7281653846949,43.443509135069874,9.895425119227742,1.0
63,CCCCC1CCCC2CCCCC12,43.033,22.967,129.50345587755567,240.09224954176986,840.2683840834717,43.45482655941326,6.626610267762108,1.0
64,CCCCCCCC(=O)OCCCC,42.961,23.039,72.97614644307163,231.7789261404455,858.5155046137728,33.13121849662492,2.641487345539151,1.0
65,C1CCC(CC1)C2CCCCC2,42.797,23.203,106.6457386481133,233.4373308358425,851.2917562743327,43.35687484009252,3.968779064875178,1.0
66,CCCCCCOC(=O)CCCCC,42.111,23.889,74.25674929829762,231.36672248965183,858.6486128106798,32.96087110540418,2.619666944814126,1.0
67,CCCCCCCCCCCCCCCCCCOC(=O)C,89.939,23.939,138.57041763663665,231.365551746032,864.3126543235777,36.58810545033962,6.34785004908523,1.0
68,CCCCC(CC)C1OC(C)C(C)O1,41.216,24.784,89.7127294745182,225.6343291596357,927.9512939422344,32.508624675962444,4.2276947335373105,0.4
69,CCCC(CC)C1CCCCC1,40.985,25.015,101.16151476402341,213.2745865679922,830.8060611163708,43.50946811368763,2.3682752231009174,1.0
70,CCCCCC1CCCC(=O)O1,40.945,25.055,73.85309670531457,230.77336261876744,984.0036156662572,31.441019490658427,2.797025875704992,1.0
71,CCCCCCCCC=CCCCCCCCC(=O)OCCCCCC,91.176,25.176,145.5195492180889,246.9534178571433,868.0529558261717,36.66937451297258,8.650344357695637,1.0
72,CCCC1CCCC2CCCCC12,40.808,25.192,125.93013659392642,230.29790358401704,840.6988082750145,43.458235359985046,5.399260583794242,1.0
73,CCCC1CCCC2C1CCCC2,40.808,25.192,125.93013659392642,230.29790358401704,840.6988082750145,43.458235359985046,5.399260583794242,1.0
74,C1CCC2CCCCC2C1,40.601,25.399,102.16688277098159,188.88844652664517,850.1224063764446,43.35807639064125,2.6813462663427536,1.0
75,CCCCCCCCCCOC(=O)CCCCCCCC=CCCCCCCCC,92.178,26.178,145.631373927532,247.84091785714327,867.3888658379936,36.67015401812722,11.866835937653883,1.0
76,COC(=O)CCCCCCCC=C,39.77,26.23,92.09381699747863,220.57781430610243,899.3626708006735,30.850583501268186,2.5614417308954085,1.0
77,CCCCCC1(CCC)CCO1,39.497,26.503,88.08450785147174,212.9531950660143,871.9074514379635,36.11368627929323,2.2752286055799034,0.34375
78,CCCCOCC(C)O,39.382,26.618,34.333253000481186,171.2723226645151,903.8795012250264,30.555767016241177,7.309541421065627,1.0
79,CCC(CC)C1OC(C)C(C)O1,38.917,27.083,77.41591704712803,208.61445759755978,942.0872247417756,30.9413117174497,2.9783454921748094,0.2727272727272727
80,CCCCC1CCCCC(=O)O1,38.354,27.646,73.58302281524867,229.9070452912408,984.4217633011955,31.242419122163074,2.6059125550703963,1.0
81,CCC1C2CC3CC(C2)CC1C3,38.106,27.894,109.2716655984841,220.24445045478151,835.6290124498984,43.45887600868314,9.799311034848525,1.0
82,CCC(C)C1CCCC2CCCCC12,38.105,27.895,129.2155289206684,233.6215238127103,840.0704852589639,43.41834202937555,6.9570431319245145,1.0
83,CCCCC1(CCCC)CCO1,37.993,28.007,87.97128610954277,212.01844518793155,871.3789487146987,34.72773928709586,2.1462730303270248,0.3448275862068966
84,CCCCCCCCC=CCCCCCCCC(=O)OCCCCCCCC,94.073,28.073,145.631373927532,247.59011547619093,867.6113601889266,36.66937451297258,10.648421783472804,1.0
85,CCCCCCCC(C)O,37.74,28.26,52.42064062840161,193.42678579605024,819.9069585790676,37.698592929743526,9.120887161997306,1.0
86,CCCCCCCCO,35.948,30.052,44.64255050327079,189.682609291281,827.2909693372245,37.63363142395937,9.784883633358932,1.0
87,CCCCC(CC)CO[N+](=O)[O-],35.298,30.702,60.700210774508705,199.51751405242584,888.998903271147,32.029595756125744,5.163189525445694,0.4473684210526316
88,CCCCCCC(C)O,35.16,30.84,45.409009283830045,178.55115228296162,816.7477911988577,37.30035853508947,9.058285006445042,1.0
89,CCC(CC(C)C)C(CC)CC(C)C,34.619,31.381,107.83668215415658,218.78842923837044,760.5165173518571,44.12622396287753,3.5486748478078733,1.0
90,CC1=CC(=C(C=C1)C)C#C,34.474,31.526,98.85599489603379,193.6520935336158,913.9255457637311,41.008404268297426,2.0790348800487832,0.4782608695652174
91,C#Cc1cc(C)ccc1C,34.474,31.526,98.85599489603379,193.6520935336158,913.9255457637311,41.008404268297426,2.0790348800487832,0.4782608695652174
92,CCCCCCCO,32.529,33.471,36.93478604670471,173.75168341206623,822.3287346097709,36.74080538439718,7.622948556718943,1.0
93,CC(C)CCCC(C)CCCC(C)CCO,32.288,33.712,111.84828625423727,242.1410725041413,833.2283279055687,38.26584621152288,8.177634857912627,1.0
94,CCCCCCCC1=CC=CC=C1,32.287,33.713,97.52677335978626,243.9359270971159,853.026375617863,42.10108166201384,2.268074332346593,1.0
95,CCCCCCO,31.214,34.786,31.620691020924454,158.49920443666142,818.6918388441318,35.91233424373816,5.769468462418289,1.0
96,CCCCCCC(C)C1=CC=CC=C1,31.211,34.789,97.56773204297824,249.78009801052394,859.0741322680899,42.02136620153561,3.259030531451837,1.0
97,CC(=CCCC(=CCC=C(C)C=C)C)C,29.615,36.385,96.07995982624432,184.20241717051562,810.6345441005849,41.8612325740683,4.553057966146824,1.0
98,CCCCCC(CCC)O,28.483,37.517,51.37870786273035,194.37499211646673,821.6458923163998,37.52959598838663,8.115503746429916,1.0
99,CC(=CCCC(=CCCC(=CCO)C)C)C,28.232,37.768,100.46339575242767,224.45395024341755,863.1184185874671,36.84416004865619,8.985084864675965,1.0
100,C1CCC(CC1)C2=CC=CC=C2,28.201,37.799,102.2387397914618,242.6151447901284,926.8271983072273,37.91057314960268,3.9957998308430964,0.2916666666666667
101,C1=CC=C(C=C1)C#N,27.544,38.456,106.51060715207153,174.20850614672,984.2996804455291,37.248514482549176,4.5320835145986464,0.35294117647058826
102,CC(C)C1CC(CC(C1)C(C)C)C(C)C,27.408,38.592,116.10538697528241,231.84205068855488,824.2309596973549,43.614972278199986,6.786727061169906,1.0
103,C1C=CC2C1C3CC2C=C3,27.322,38.678,99.45666798123413,190.95051368446502,876.7863684863904,41.456683426431916,3.6828166464656613,0.17142857142857143
104,CC1=CCCC(=C)C2CC(C2CC1)(C)C,27.062,38.938,116.48154368721413,245.26395985657635,894.4546306395763,41.290933399805034,10.194847845061023,1.0
105,CC(C)CCCC(C)CCO,27.011,38.989,72.22951726018775,210.67396360396359,826.3406575594045,37.55727694389927,10.612209102729418,1.0
106,CC1=CCC(=C(C)CCC=C(C)C)CC1,26.908,39.092,108.53364054972239,236.28317620976264,854.447537656492,41.103127325705366,7.972199971904689,1.0
107,CCCCCC(CC)O,26.274,39.726,44.07491092284697,179.10080967909525,816.8747216138212,37.14144645392307,8.970963342997779,1.0
108,CC1CCC(C(C1)OC(=O)C)C(C)C,26.164,39.836,93.96092344227382,223.74967404747036,911.478423735362,30.30467668080101,5.151766281654743,1.0
109,CC(=C)C1CCC2(OC(C1)OO2)C,26.123,39.877,87.53916670609183,217.40645107306437,950.6294403773992,30.32690561700748,5.6019696125274825,0.2619047619047619
110,C1CCC2=CC=CC=C2C1,26.041,39.959,98.39910218869481,205.7888551860603,946.3528804271294,36.118226062980696,2.263979112659352,1.0
111,C1CC2C3CCC(C3)C2C1,25.722,40.278,102.97277521886555,190.51693566131507,816.7605051644118,43.44826811376304,5.183319483035606,1.0
112,CC1CCOC(C1)C=C(C)C,25.689,40.311,89.27228877253437,195.92848053504082,880.811087825565,33.667351473612854,2.488667257845707,1.0
113,CC1CCC2CC1C2(C)C,25.552,40.448,94.4070490133135,178.2753444745497,804.4372819804832,43.51637843218956,3.1791883831954726,0.3225806451612903
114,CCCCCC(C)O,25.29,40.71,39.23873113122702,161.27456833160633,814.8480304088924,36.758007482114664,7.91998830207434,1.0
115,CC1C2C3CC(C2C=C1C)C=C3,25.249,40.751,99.04504216509102,228.02588738594548,907.1093678482638,41.144588875235186,7.8394190047342125,0.21052631578947367
116,C1CCC2=NCCCN2CC1,25.069,40.931,71.997748661378,223.90089645820603,922.6811994350933,34.65737246423975,2.8337813069456086,0.23076923076923078
117,CC(C)(C)C1CCCC2C1CCCC2,24.934,41.066,129.50363234772652,234.4180185924268,864.435674080306,42.98554213174277,7.548266636438606,1.0
118,CC1CCC2C(C1)C2(C)C,24.819,41.181,94.12980960792892,181.0907209304574,794.8263778243097,43.55436130839803,2.6947265579775617,0.47368421052631576
119,C1=CC=C(C=C1)[N+](=O)[O-],24.773,41.227,70.03073455826002,210.27276410535623,1024.108395730129,31.424427480072257,4.572406651060792,0.3157894736842105
120,CCCCC(CCC)O,24.681,41.319,44.30226520011423,177.58493468173873,819.8099051098823,36.98937466112282,8.330420289360902,0.8333333333333334
121,CC(C)C12CCC(O1)(CC2)C,24.401,41.599,90.40629636389855,207.3477161750308,883.6800007041843,34.20541662436405,3.3586459415089296,0.3333333333333333
122,CC1=CCC2C(C1)C2(C)C,24.318,41.682,90.48594800321938,195.11016996395293,891.1950581499059,41.81783311526151,2.3915420933538587,1.0
123,CCCCC(CC)CO,24.297,41.703,49.63174868684581,184.3459748065069,823.3011835786833,37.192835707342,9.868005878411942,1.0
124,CC(CCO)CCC=C(C)C,24.02,41.98,71.74685140257559,203.5430098331413,837.7478911022671,36.73074461929616,10.17460835561929,1.0
125,CC(CCC=C(C)C)CCO,24.02,41.98,71.74685140257559,203.5430098331413,837.7478911022671,36.73074461929616,10.17460835561929,1.0
126,CC1(C2CCC(O1)(CC2)C)C,23.967,42.033,92.42564384543392,206.54631829996887,887.1430902825704,33.819221511435444,5.228054543915332,1.0
127,CC1=CCC2CC1C2(C)C,23.946,42.054,91.22790322422557,194.45874567235208,892.9004032143932,41.670775620458194,2.758927539851714,1.0
128,CC(=CCCC(=CCCC(C)(C=C)O)C)C,23.702,42.298,105.71788261350733,218.54008643947256,858.2989349902567,36.628178504913784,10.540291615603087,1.0
129,CC1CCC2(C(C)C)CC12,23.447,42.553,91.31885972373263,182.86288239798532,800.8079170755716,43.57817776004993,3.018767631425906,0.27586206896551724
130,CCCC(CCC)CO,22.408,43.592,51.16883052673326,181.20583407476997,825.4953178037617,36.95322711790709,9.395952930015595,0.5238095238095238
131,CC(C)C12CCC(=C)C1C2,22.273,43.727,90.53680906598565,196.3628555736672,857.8171904707533,42.08470762042646,2.409518749274144,0.3235294117647059
132,CC1(C2CCC(=C)C1C2)C,21.853,44.147,91.43326042618881,193.41843474291449,862.1880909265676,41.90737321335242,3.391613143122139,1.0
133,CCCCCO,21.732,44.268,27.00306139341198,131.62295588286196,812.4403392579298,34.86244252608831,4.158307198448065,1.0
134,CCCCC(CC)O,21.469,44.531,38.56627433951338,161.36399888753917,817.1084504851561,36.322830448022316,7.794276156698499,0.8333333333333334
135,CCC(C)(CCCC(C)C)O,21.391,44.609,67.87365164702312,195.9268232711375,822.2018317863865,37.04194032283615,8.35161837791962,1.0
136,CCCC(CCC)O,21.123,44.877,38.90754551985836,161.17600671477817,818.479401381432,36.46944340272026,8.637777701784792,1.0
137,CC(C)CCCO,20.887,45.113,37.09761369357112,150.9073547111321,814.518466806181,35.898904118398725,6.478546544904723,0.625
138,CC(C)CCC(C)O,20.513,45.487,44.9985434952546,152.4523745725991,813.735251500473,36.311424292241064,8.330018711866108,0.6153846153846154
139,C1CC1C2=CC=CC=C2,20.385,45.615,105.22156101028433,176.5537177678057,937.1465848255731,38.002850970852215,2.0871410742078873,0.3333333333333333
140,CC(=CCCC(=CCO)C)C,20.122,45.878,75.12671849893665,214.01673497260512,854.3344474681999,36.06472890174511,9.41296575987404,1.0
141,C1CC2=CC=CC=C2C=C1,19.825,46.175,102.53346952411965,202.18042869479555,972.9144006269935,37.11753526137384,2.510715700929773,0.375
142,CCC(C)CCO,19.47,46.53,36.44382887960564,151.13589752600416,819.2990315163801,35.85698479635902,5.9972295768652115,0.5555555555555556
143,CC1CCC(C(=O)C1)C(C)C,19.465,46.535,86.77731365676348,208.18119098224616,918.7115849419073,35.79519427817259,2.527911570053848,1.0
144,CC1=CCC(CC1)C(=C)C,19.458,46.542,87.00733724794904,183.21148398523442,828.3747038008235,42.26858314544489,2.3394570504936705,1.0
145,CC1=CC[C@@H](CC1)C(=C)C,19.458,46.542,87.00733724794904,183.21148398523442,828.3747038008235,42.26858314544489,2.3394570504936705,1.0
146,CCCC1=CC(=C(C=C1)O)OC,19.256,46.744,121.51164675598609,193.53267129314082,1030.0817506653636,30.060320654782352,8.865308745161032,1.0
147,CCCC(C)CO,19.138,46.862,35.763338743450916,153.1036509100428,819.1206834275772,35.85950848436961,6.71293458981878,0.625
148,CCCC(CC)O,18.125,47.875,34.304842757834784,149.06449913567872,815.0738943317652,35.50352658947506,6.196072384927498,0.7333333333333333
149,CCCCC(C)O,18.069,47.931,34.31923622780995,149.00747295093353,812.9289960545088,35.60718656289818,5.710767503055258,0.8235294117647058
150,C1=CC=C2C=CC=CC2=C1,17.879,48.121,106.4450866134693,224.05210545598825,1030.3150880961418,38.40327989492309,3.045805046534951,1.0
151,CC1=CCC(CC1=O)C(=C)C,17.559,48.441,79.34621217851902,206.46083483885334,942.198809837602,34.675224094496166,2.687671225690773,0.47058823529411764
152,CCCCNC1=CC=CC=C1,17.378,48.622,109.5601305832172,205.5015318015927,939.6737530612916,37.119221096484814,2.5704919655614935,0.4444444444444444
153,CC(C)C(C(C)C)O,17.348,48.652,44.110075696738456,144.196112770839,809.1789554749075,35.51152986351667,7.36531325060118,0.35714285714285715
154,CC(C)CC(C)O,17.285,48.715,40.82427507615499,138.9643266174376,807.9052089687858,35.76419393178458,7.098182710574479,0.5384615384615384
155,CC(C)CCO,16.947,49.053,32.445982188824125,126.79685731301383,807.8227405497787,34.884480493240886,4.776950592562683,1.0
156,C1CCC(CC1)O,16.867,49.133,43.90373681760759,155.44176422536123,934.1813079282592,33.454725181166005,9.420801424684315,1.0
157,C1=CC=C(C=C1)O,16.863,49.137,78.41523453293962,156.7249208319968,1040.6500787056546,31.919854528225947,6.377087034255327,0.42857142857142855
158,CCC(CC)CO,16.21,49.79,37.464917369306555,151.60456941047963,823.7133540670076,35.91636170786297,7.654533436965117,0.5789473684210527
159,CCC(C)C(C)O,16.103,49.897,37.55580742462982,139.53360586503757,813.7613423600617,35.37234509628391,6.259370594055406,0.5714285714285714
160,CCCC1CCCC2=CC=CC=C12,16.087,49.913,103.02757600285243,240.48210092562087,933.6077632607199,38.75384129519296,5.562905988553434,1.0
161,CC1=CC2=CC=CC=C2C1,15.503,50.497,101.01676088126618,203.29719061408952,972.2610705867979,38.0076726090683,2.4748795321027957,0.36363636363636365
162,C1CNC2=CC=CC=C21,15.334,50.666,80.18723145751296,191.93203181345925,979.4741840251293,34.92852771909565,3.0734462657186925,0.391304347826087
163,C1=CC=C(C=C1)CCNC=O,15.04,50.96,59.24723203509028,225.00034524551555,1004.7592080527032,31.71366388249114,2.6837310930825358,0.4782608695652174
164,C1=CC=C2C(=C1)C=CC=N2,15.017,50.983,99.04374125266648,220.77901387271876,1003.3049215144848,36.2913166656857,3.0980077940671045,0.3888888888888889
165,C1CC2=CC=CC=C2NC1,14.873,51.127,91.44814208497051,208.27682013160089,970.9116854451277,34.85255572465747,3.5114485223607277,0.4782608695652174
166,CC1CCCC2=C(C=CC=C12)C,14.855,51.145,94.42706212052659,236.48562339820276,928.665514549634,38.52203108387016,5.162858086564174,0.34210526315789475
167,CC(C)(C)C1CCCC2=CC=CC=C12,14.752,51.248,109.77917428043376,246.21705659575582,933.9405753516602,38.59255833617352,7.849499202175314,1.0
168,CCCCO,14.747,51.253,22.61248728367001,117.63931527501902,807.9078573691597,33.02958618986296,3.2457662682070754,1.0
169,C1=CC=C2C=CC=C2C=C1,14.552,51.448,104.48116058231606,219.20832106828266,1015.6464675621116,38.139984762242285,2.5517353525782016,0.9
170,CCC(C)C1CCCc2ccccc12,14.492,51.508,104.50675936018997,246.47749666365814,932.5467741050002,38.742778556390746,7.20012873773627,1.0
171,CC(=CCCC(C)(C=C)O)C,14.411,51.589,73.74806964039537,200.93270820410885,850.6816324589562,35.92385075421719,7.702733355212093,1.0
172,CC1=C(C=C(C=C1)C(C)C)O,14.211,51.789,94.54684944993119,208.20411818492641,988.5426845405975,34.76909075189584,9.033877981510788,0.44
173,CCCCC(C)(C)O,13.923,52.077,42.532772010341446,142.85833993293656,815.0604194959443,35.73020363119941,6.926002092174529,0.5555555555555556
174,CC(C)C(C)O,13.557,52.443,31.774891311938067,114.88791571530695,800.0775379992458,34.51362731592009,5.876318924798257,0.38461538461538464
175,CCC(C)CO,13.362,52.638,31.271367099382466,126.85525548462145,814.1589907650949,34.692804294348015,5.4419624662223525,0.5714285714285714
176,CCCC(C)O,13.337,52.663,29.82262177258308,125.56833614133681,809.6186019436567,34.610146661316065,4.68994204345181,0.6111111111111112
177,CC(CC(C)(C)C)CC(C)(C)CC(C)(C)C,12.919,53.081,109.89063969558786,233.3676273296986,767.4204243895399,44.10554753118908,6.229961660132096,1.0
178,CC(C)C(C)C(C)CC(C)(C)C,12.84,53.16,105.09637428631966,194.38294218967704,749.3370733882937,44.154309250452656,2.3753597925384677,1.0
179,CCNC1=CC=CC=C1,12.808,53.192,100.64301377370664,181.72201221501336,942.47568706654,36.40740583482202,2.0149442399870416,0.43478260869565216
180,C1CCC(C1)O,12.759,53.241,34.43256357864897,137.0635152313369,932.5390950849821,33.036519600054035,8.81363616762547,1.0
181,CC1=CC(=C(C=C1)O)C,12.483,53.517,80.87710344942955,195.89939381001986,1004.7850489940696,33.407925200096855,10.595997733113688,0.55
182,CCC(CC)O,12.465,53.535,28.950729812386115,125.13762039807526,812.8189949353989,34.51725613439374,5.489079638616506,0.5384615384615384
183,CC1=C(C(=C(C=C1)C)C)C,12.132,53.868,94.14774651039195,199.3583187634054,896.231050672315,41.25861820597131,2.100117188229844,1.0
184,CC1=CC=CC=C1O,11.656,54.344,79.40236086305914,174.57147690282176,1017.7001748933965,32.925700473146435,12.002965232206064,0.5625
185,CC1=CC(=CC=C1)O,11.391,54.609,75.74411991843931,172.5553294229996,1022.0418470565288,32.745474588031485,11.903796235219763,0.6111111111111112
186,CC1=CC=C(C=C1)O,11.207,54.793,80.01379862996012,169.64642717851066,1022.7506553573456,32.686247528304065,11.734915160623293,0.6153846153846154
187,CCC1=CC=CC=C1O,11.065,54.935,96.5166309618836,201.6387973464048,1004.2115921999654,32.76113155447155,8.967124582790776,0.391304347826087
188,CC(C)(C)CC(=C)CC(C)(C)CC(C)(C)C,10.978,55.022,106.21416440328218,228.03617279241547,762.0954459752838,44.01022869099312,6.598772340763663,1.0
189,CC(C1=CC=CC=C1)O,10.929,55.071,80.72292410724873,201.41258250326032,1005.7800490079393,33.701538467544175,12.393379575068403,0.5789473684210527
190,CCCO,10.677,55.323,17.387249867915518,100.25051263309501,802.95952885137,30.294641100223533,2.320289435168006,1.0
191,CC(C)CO,10.61,55.39,26.382011724166496,110.74710978845411,801.919194472852,33.09792318444672,3.9996687367712083,1.0
192,CCC(CC)(CC)O,10.42,55.58,43.004280616678884,142.4230406964582,824.1329851935881,35.508459480187156,7.494129034903384,0.5384615384615384
193,CC(C)(C)C(=N)C(C)(C)C,10.173,55.827,73.22567508126168,167.44172985373808,798.550487186244,38.3135877203533,4.1154164004615,0.3333333333333333
194,CCC1=CC(=CC=C1)O,10.167,55.833,102.10342960994605,198.11235910037294,1003.9186433314698,33.262092395195424,9.40179421664666,0.6666666666666666
195,CCCC1=CC=C(C=C1)O,10.037,55.963,127.23689396152818,212.2926872612122,991.8424701062127,33.75386117754172,9.807545021514938,1.0
196,CCC(C)O,10.032,55.968,25.166615259211397,104.70914508617602,801.0150263142464,33.00649838896321,3.748567997560524,1.0
197,CC1=C(C(=C(C(=C1C)C)C)C)C,10.003,55.997,93.7150664400557,240.18517963572842,824.0084657324013,41.50447983608353,3.9616219547459703,0.36363636363636365
198,CN1C=CC2=CC=CC=C21,9.888,56.112,94.40184191846481,218.2498961529588,994.0318998686444,35.39368764147691,3.1488155515738536,0.35
199,CCCC(C)(C)O,9.838,56.162,38.38394224116593,130.73087725122153,812.7023125655842,35.31449382132961,5.832644838691923,0.5333333333333333
200,CCC1=CC=C(C=C1)O,9.793,56.207,104.56333995372103,197.94896087815073,1004.6695415854957,33.23976736258157,10.207372087771844,0.6190476190476191
201,C1=CC=C(C=C1)CO,9.758,56.242,76.82756699028502,193.921318632018,1033.063653308774,33.257749322160464,9.248582231422237,0.5789473684210527
202,C1=CC=C(C=C1)CCO,9.749,56.251,75.3394344160392,210.4443481663261,1016.8857488719224,33.609486625833426,9.854441595284216,1.0
203,CCC(C)(C)O,9.571,56.429,33.33166771698645,108.2684325138879,805.8064868445982,34.18799293123289,4.814741236770867,1.0
204,CC(C)(C=C)O,9.548,56.452,28.154927477331302,105.37846714079707,831.4485641904174,33.45251200824849,3.814641614680794,0.4166666666666667
205,CC(CC(C)(C)C)CO,9.505,56.495,58.520289855125085,164.82628703021786,823.159261689843,36.71960805324955,8.334721035733454,0.6875
206,CCC(C(C)(C)C)O,9.342,56.658,46.913332847787686,140.91629173576706,819.4802537674028,35.57574713829975,6.337527336733421,0.42105263157894735
207,CC(C)O,9.316,56.684,19.0251750528307,93.6459206845262,789.5908028362602,30.46092603452792,2.3437959534872506,0.45454545454545453
208,CC(C)(C)CCO,9.278,56.722,42.46726864957229,135.5825426275505,816.2641931917825,35.811813893639595,5.835618465895374,0.47368421052631576
209,CC(C)C(C)(C)O,9.125,56.875,40.49250601735633,122.99248137376003,805.5678070981435,35.013669246137304,6.7238995570592515,0.5
210,CC(C(C)(C)C)O,9.077,56.923,41.003307040781095,123.43998475860117,800.4701651627389,35.1668769847831,6.136120397095322,0.5
211,CC(C)(C)O,8.913,57.087,29.733586549013236,95.80756579814854,792.7317260139099,32.715404048139504,4.954682080053742,1.0
212,CCC1=CC(=CC(=C1)CC)CC,8.629,57.371,96.93272058255222,217.2275486831315,865.5664018190303,41.3333159002899,2.513571802391045,1.0
213,Cc1cccc(CO)c1,8.428,57.572,75.9620032559246,196.23223353250327,1006.6807593903876,33.78230287985644,9.459733503936446,0.5238095238095238
214,CC1=CC(=C(C(=C1C)C)C)C,7.091,58.909,92.82659666295034,221.1026665241278,895.829382339844,41.28919330541825,3.2514772692030043,0.5833333333333334
215,CC1=NC2=CC=CC=C2C=C1,6.661,59.339,100.29172364625752,234.47040927892382,989.4692236130298,37.10181133615714,3.6861501185521472,0.38461538461538464
216,Cc1cc(C)c(C)cc1C,6.339,59.661,94.0518340837451,196.3595129925496,877.7042334372558,41.25709716362916,2.02110904106331,1.0
217,CC1=CC(=C(C=C1C)C)C,6.339,59.661,94.0518340837451,196.3595129925496,877.7042334372558,41.25709716362916,2.02110904106331,1.0
218,CC1=CC2=CC=CC=C2C=C1,4.226,61.774,104.09487544055975,243.11173420634927,1023.336319509573,39.44572349810145,3.692250042992275,1.0
219,CC1=CC=CC2=CC=CC=C12,3.805,62.195,103.93572740335283,244.13110738095241,1024.3937780005688,39.482943731230016,3.803198772686523,0.5
220,CC(C)c1cc(cc(c1)C(C)C)C(C)C,3.092,62.908,105.20542139178126,241.40500437186515,861.5610698981993,41.50577224814598,5.5265593989469055,1.0
221,CC(C)C1=CC(=CC(=C1)C(C)C)C(C)C,3.092,62.908,105.20542139178126,241.40500437186515,861.5610698981993,41.50577224814598,5.5265593989469055,1.0
222,CC(C)C1=CC(=CC=C1)C(C)C,2.455,63.545,95.9723947432481,214.57063299265832,862.8623310190242,41.42535080356354,2.7002427680927554,0.625
223,CC1=CC=C(C=C1)C(C)(C)C,2.137,63.863,96.43296017593033,201.04840165061435,866.0317200872471,41.17701597475642,2.2109364687506896,0.5333333333333333
