target_dcn,atom=H,atom=He,atom=Li,atom=Be,atom=B,atom=C,atom=N,atom=O,atom=F,atom=Ne,atom=Na,atom=Mg,atom=Al,atom=Si,atom=P,atom=S,atom=Cl,atom=Ar,atom=Br,atom=I,atom=other,degree=0,degree=1,degree=2,degree=3,degree=4,degree=5,degree=other,formal_charge,total_H,hybrid=S,hybrid=SP,hybrid=SP2,hybrid=SP3,hybrid=SP3D,hybrid=SP3D2,hybrid=other,is_aromatic,atomic_mass,lone_pairs,HBD=0,HBD=1,HBD=2,HBD=3,HBD=other,HBA=0,HBA=1,HBA=2,HBA=3,HBA=other,ring_size,electronegativity,bond=NONE,bond=SINGLE,bond=DOUBLE,bond=TRIPLE,bond=AROMATIC,bond=other,is_conjugated,stereo=0,stereo=1,stereo=2,stereo=3,stereo=4,stereo=5,stereo=other,in_ring
19.53,0.0,0.0,0.0,0.0,0.0,-1.001132341977419,0.0,0.0,0.0,0.0,0.0,0.0,0.0,0.0,0.0,0.0,0.0,0.0,0.0,0.0,0.0,0.0,0.0,0.0,-0.3594119099596984,-1.0697796311046694,0.0,0.0,0.0,-7.2365850389775215,0.0,0.0,-0.5524407189528251,3.4914596285725548,0.0,0.0,0.0,0.0,0.013132193346491405,0.0,12.237007012344405,0.0,0.0,0.0,0.0,-4.934074931758326,0.0,0.0,0.0,0.0,0.0,-0.8656549817866672,0.0,0.641693925141178,-0.23376999498122153,0.0,0.0,0.0,0.0,-4.043853596536907,0.0,0.0,0.0,0.0,0.0,0.0,0.0
19.7,0.0,0.0,0.0,0.0,0.0,1.2739621560588112,0.0,0.0,0.0,0.0,0.0,0.0,0.0,0.0,0.0,0.0,0.0,0.0,0.0,0.0,0.0,0.0,0.0,0.0,-0.4046174445254991,0.7370790508586431,0.0,0.0,0.0,-8.206984346900647,0.0,0.0,-0.5283728321384249,1.0923000382259556,0.0,0.0,0.0,0.0,0.033766052501029264,0.0,9.764753157970997,0.0,0.0,0.0,0.0,-3.869828205975276,0.0,0.0,0.0,0.0,0.0,-0.7993541692695363,0.0,0.9610566640013705,-0.15833060028932522,0.0,0.0,0.0,0.0,-2.0834519231486173,0.0,0.0,0.0,0.0,0.0,0.0,0.0
21.7,0.0,0.0,0.0,0.0,0.0,1.5954555602314144,0.0,0.0,0.0,0.0,0.0,0.0,0.0,0.0,0.0,0.0,0.0,0.0,0.0,0.0,0.0,0.0,0.0,0.0,-1.175248762372071,0.9548158740005697,0.0,0.0,0.0,-6.044113261894391,0.0,0.0,-2.0124234100549536,1.0102352428748471,0.0,0.0,0.0,0.0,-0.08141209441801323,0.0,8.681517922157738,0.0,0.0,0.0,0.0,-2.186450750863461,0.0,0.0,0.0,0.0,0.0,-0.767436868401445,0.0,1.8539823461345168,-0.23418663363761283,0.0,0.0,0.0,0.0,-2.0593481353107546,0.0,0.0,0.0,0.0,0.0,0.0,0.0
23.0,0.0,0.0,0.0,0.0,0.0,1.362759670583804,0.0,0.0,0.0,0.0,0.0,0.0,0.0,0.0,0.0,0.0,0.0,0.0,0.0,0.0,0.0,0.0,0.0,0.0,-1.672793410383301,0.7763488923194899,0.0,0.0,0.0,-7.788337101037256,0.0,0.0,-1.7424884490430799,0.45067733143105393,0.0,0.0,0.0,0.0,0.38334846412800516,0.0,10.456035358037852,0.0,0.0,0.0,0.0,-2.6255818791498573,0.0,0.0,0.0,0.0,0.0,-0.15006023506150434,0.0,1.6047182852336785,-0.24121389502619017,0.0,0.0,0.0,0.0,0.3848226035513047,0.0,0.0,0.0,0.0,0.0,0.0,0.0
23.6,0.0,0.0,0.0,0.0,0.0,-1.2098723466646302,0.0,0.0,0.0,0.0,0.0,0.0,0.0,0.0,0.0,0.0,0.0,0.0,0.0,0.0,0.0,0.0,0.0,0.0,-1.3615329927675361,1.8907663232702028,0.0,0.0,0.0,-7.097442588074593,0.0,0.0,-1.6440648180927795,1.0488422201442376,0.0,0.0,0.0,0.0,0.4825321694626066,0.0,9.899462093424633,0.0,0.0,0.0,0.0,-1.3070298553689064,0.0,0.0,0.0,0.0,0.0,-0.21682833771725107,0.0,3.790717759957513,-0.4593439538620103,0.0,0.0,0.0,0.0,-1.262297949244065,0.0,0.0,0.0,0.0,0.0,0.0,0.0
24.6,0.0,0.0,0.0,0.0,0.0,1.067100496627459,0.0,0.0,0.0,0.0,0.0,0.0,0.0,0.0,0.0,0.0,0.0,0.0,0.0,0.0,0.0,0.0,0.0,0.0,-1.115828750450012,1.0661511830591337,0.0,0.0,0.0,-5.831549427386667,0.0,0.0,-1.8621315351075491,0.9323174414919659,0.0,0.0,0.0,0.0,0.322850569985782,0.0,9.778439825731907,0.0,0.0,0.0,0.0,-1.993037269408319,0.0,0.0,0.0,0.0,0.0,-0.6722286726513786,0.0,3.6206472674804306,-1.1213711872598768,0.0,0.0,0.0,0.0,-0.4334585743012056,0.0,0.0,0.0,0.0,0.0,0.0,0.0
25.9,0.0,0.0,0.0,0.0,0.0,0.7479941156588961,0.0,0.0,0.0,0.0,0.0,0.0,0.0,0.0,0.0,0.0,0.0,0.0,0.0,0.0,0.0,0.0,0.0,0.0,-2.4574946057676392,-0.23772803474867565,0.0,0.0,0.0,-3.361589255616412,0.0,0.0,-2.3632214847235913,1.3867220517890768,0.0,0.0,0.0,0.0,0.4862403853521666,0.0,11.072541522033045,0.0,0.0,0.0,0.0,-0.8622428463346878,0.0,0.0,0.0,0.0,0.0,-0.5291901778570178,0.0,1.1116297315862695,-1.3956019378360818,0.0,0.0,0.0,0.0,1.2829738073770898,0.0,0.0,0.0,0.0,0.0,0.0,0.0
26.8,0.0,0.0,0.0,0.0,0.0,1.1806014209331899,0.0,0.0,0.0,0.0,0.0,0.0,0.0,0.0,0.0,0.0,0.0,0.0,0.0,0.0,0.0,0.0,0.0,0.0,-2.0753866359936204,1.2191388760217166,0.0,0.0,0.0,-6.663978108096231,0.0,0.0,-3.583803893653382,3.3568731741163393,0.0,0.0,0.0,0.0,0.31391065891083336,0.0,9.492842377128369,0.0,0.0,0.0,0.0,-0.9788885402932284,0.0,0.0,0.0,0.0,0.0,-0.14649221720083716,0.0,4.639633745345643,-1.464921677579568,0.0,0.0,0.0,0.0,0.6214497926095675,0.0,0.0,0.0,0.0,0.0,0.0,0.0
27.9,0.0,0.0,0.0,0.0,0.0,2.7921921838773898,0.0,0.0,0.0,0.0,0.0,0.0,0.0,0.0,0.0,0.0,0.0,0.0,0.0,0.0,0.0,0.0,0.0,0.0,-1.7769403566740838,1.3500586740746012,0.0,0.0,0.0,-9.209310871735834,0.0,0.0,-3.889636698677595,5.5983938425759465,0.0,0.0,0.0,0.0,0.4794952779903845,0.0,9.460231337738005,0.0,0.0,0.0,0.0,-0.5361149551457132,0.0,0.0,0.0,0.0,0.0,-0.17237303702950868,0.0,2.4551115139591495,-0.7387976853162552,0.0,0.0,0.0,0.0,1.1574483372446132,0.0,0.0,0.0,0.0,0.0,0.0,0.0
16.2,0.0,0.0,0.0,0.0,0.0,-0.5151891907300001,0.0,0.0,0.0,0.0,0.0,0.0,0.0,0.0,0.0,0.0,0.0,0.0,0.0,0.0,0.0,0.0,0.0,0.0,0.0,-0.4576135080500787,0.0,0.0,0.0,-8.501684174504561,0.0,0.0,0.0,3.479378426013966,0.0,0.0,0.0,0.0,0.09540887890035599,0.0,8.476266909130349,0.0,0.0,0.0,0.0,-4.509639957471045,0.0,0.0,0.0,0.0,-1.9080452908387926,0.3378406069612101,0.0,0.898260417650798,0.0,0.0,0.0,0.0,0.0,-1.5255862216906948,0.0,0.0,0.0,0.0,0.0,0.0,-1.301529939434575
16.3,0.0,0.0,0.0,0.0,0.0,1.4646920978136047,0.0,0.0,0.0,0.0,0.0,0.0,0.0,0.0,0.0,0.0,0.0,0.0,0.0,0.0,0.0,0.0,0.0,0.0,0.0,-0.7962123490217738,0.0,0.0,0.0,-6.086901733273914,0.0,0.0,0.0,0.7857130438934021,0.0,0.0,0.0,0.0,0.10650281704781683,0.0,11.455654555654466,0.0,0.0,0.0,0.0,-1.1102454957970949,0.0,0.0,0.0,0.0,-6.212088959180729,-0.23419323975554995,0.0,-0.14481193530941106,0.0,0.0,0.0,0.0,0.0,-3.1653131963041314,0.0,0.0,0.0,0.0,0.0,0.0,-1.2492147936191813
16.4,0.0,0.0,0.0,0.0,0.0,1.8047073948503138,0.0,0.0,0.0,0.0,0.0,0.0,0.0,0.0,0.0,0.0,0.0,0.0,0.0,0.0,0.0,0.0,0.0,0.0,0.0,1.698927624964428,0.0,0.0,0.0,-6.351770914293191,0.0,0.0,0.0,2.944050354280014,0.0,0.0,0.0,0.0,-0.17731792918410427,0.0,6.337943224455416,0.0,0.0,0.0,0.0,-1.5241752867471146,0.0,0.0,0.0,0.0,-4.724058284479273,0.01486143055472322,0.0,1.0523936471723303,0.0,0.0,0.0,0.0,0.0,-2.791744011651806,0.0,0.0,0.0,0.0,0.0,0.0,-3.277828377253951
16.5,0.0,0.0,0.0,0.0,0.0,-1.5685583184274137,0.0,0.0,0.0,0.0,0.0,0.0,0.0,0.0,0.0,0.0,0.0,0.0,0.0,0.0,0.0,0.0,0.0,0.0,0.0,0.14350026381154368,0.0,0.0,0.0,-10.289891464464421,0.0,0.0,0.0,8.706294078207044,0.0,0.0,0.0,0.0,0.09993938479636011,0.0,7.8938905873490794,0.0,0.0,0.0,0.0,-4.090870230610236,0.0,0.0,0.0,0.0,-3.2100334009477205,-0.13352917343544135,0.0,0.9473484611200353,0.0,0.0,0.0,0.0,0.0,-0.8122833171948738,0.0,0.0,0.0,0.0,0.0,0.0,-2.4876548440741937
16.6,0.0,0.0,0.0,0.0,0.0,-1.4533551307505146,0.0,0.0,0.0,0.0,0.0,0.0,0.0,0.0,0.0,0.0,0.0,0.0,0.0,0.0,0.0,0.0,0.0,0.0,0.0,6.987828715236761,0.0,0.0,0.0,-6.532294005546104,0.0,0.0,0.0,2.3073845982084187,0.0,0.0,0.0,0.0,0.36587598262651433,0.0,18.475439521760293,0.0,0.0,0.0,0.0,0.17858588837040656,0.0,0.0,0.0,0.0,-24.360391268323436,-0.01839264093915638,0.0,2.5681746730785164,0.0,0.0,0.0,0.0,0.0,2.706846963409049,0.0,0.0,0.0,0.0,0.0,0.0,-5.803012151567778
16.9,0.0,0.0,0.0,0.0,0.0,0.1541154300852643,0.0,0.0,0.0,0.0,0.0,0.0,0.0,0.0,0.0,0.0,0.0,0.0,0.0,0.0,0.0,0.0,0.0,0.0,0.0,8.100458841065239,0.0,0.0,0.0,-3.3961057136721617,0.0,0.0,0.0,17.299108839332973,0.0,0.0,0.0,0.0,-0.08898092013606274,0.0,6.243365425406573,0.0,0.0,0.0,0.0,-3.787245359130262,0.0,0.0,0.0,0.0,-10.312606676527107,0.04959289302786729,0.0,8.29191990565212,0.0,0.0,0.0,0.0,0.0,4.478001126448595,0.0,0.0,0.0,0.0,0.0,0.0,-31.377645892114625
17.3,0.0,0.0,0.0,0.0,0.0,-0.40212805052817124,0.0,0.0,0.0,0.0,0.0,0.0,0.0,0.0,0.0,0.0,0.0,0.0,0.0,0.0,0.0,0.0,0.0,0.0,0.0,12.065731991773927,0.0,0.0,0.0,-2.2629821189959003,0.0,0.0,0.0,4.1392484666216784,0.0,0.0,0.0,0.0,-0.0589281102172432,0.0,22.993203438602183,0.0,0.0,0.0,0.0,5.769571021183472,0.0,0.0,0.0,0.0,-11.271054514511242,-1.0354184786240275,0.0,5.909509420025895,0.0,0.0,0.0,0.0,0.0,0.298565464125053,0.0,0.0,0.0,0.0,0.0,0.0,-40.2922035036024
17.7,0.0,0.0,0.0,0.0,0.0,3.432958182928738,0.0,0.0,0.0,0.0,0.0,0.0,0.0,0.0,0.0,0.0,0.0,0.0,0.0,0.0,0.0,0.0,0.0,0.0,0.0,1.9635295397570012,0.0,0.0,0.0,-4.430425599003575,0.0,0.0,0.0,3.438197507424965,0.0,0.0,0.0,0.0,0.25385358236601796,0.0,15.917384528641989,0.0,0.0,0.0,0.0,-0.35324442589337846,0.0,0.0,0.0,0.0,-11.944468937262773,-0.45963476039254836,0.0,2.7438037022027846,0.0,0.0,0.0,0.0,0.0,6.109602442092228,0.0,0.0,0.0,0.0,0.0,0.0,-20.625611642909018
18.0,0.0,0.0,0.0,0.0,0.0,11.763436474487966,0.0,0.0,0.0,0.0,0.0,0.0,0.0,0.0,0.0,0.0,0.0,0.0,0.0,0.0,0.0,0.0,0.0,0.0,0.0,2.5365888180402862,0.0,0.0,0.0,-7.335183944932204,0.0,0.0,0.0,3.105269847025169,0.0,0.0,0.0,0.0,0.2283152368759449,0.0,15.635053166720912,0.0,0.0,0.0,0.0,-3.3968722705672008,0.0,0.0,0.0,0.0,-22.9967328910176,0.49445735227117904,0.0,-1.0290729521255466,0.0,0.0,0.0,0.0,0.0,3.098101783305852,0.0,0.0,0.0,0.0,0.0,0.0,-5.871728660724964
37.7,0.0,0.0,0.0,0.0,0.0,1.5107771456506782,0.0,0.0,0.0,0.0,0.0,0.0,0.0,0.0,0.0,0.0,0.0,0.0,0.0,0.0,0.0,0.0,0.0,0.0,-0.3252686563649654,-0.7293109154035999,0.0,0.0,0.0,-5.628836976552474,0.0,0.0,-0.8661623206568922,2.792343149466493,0.0,0.0,0.0,-0.8967257107013076,0.6126999962696225,0.0,10.668076636256073,0.0,0.0,0.0,0.0,-1.073706604263446,0.0,0.0,0.0,0.0,-0.8793546145690598,0.05879703165261496,0.0,6.214715474761174,0.0,0.0,1.3523807313963765,0.0,-0.26133813544443996,-0.10161236699613418,0.0,0.0,0.0,0.0,0.0,0.0,-1.4635753479972653
34.7,0.0,0.0,0.0,0.0,0.0,1.1310848450484503,0.0,0.0,0.0,0.0,0.0,0.0,0.0,0.0,0.0,0.0,0.0,0.0,0.0,0.0,0.0,0.0,0.0,0.0,-1.3948064568571041,-1.1722258247788995,0.0,0.0,0.0,-4.447330229045184,0.0,0.0,-3.1222262547478987,5.226245371569844,0.0,0.0,0.0,-2.6675298765309368,0.3206777202840918,0.0,13.347224325700738,0.0,0.0,0.0,0.0,-0.7033497783655864,0.0,0.0,0.0,0.0,-0.5196345450018693,-0.6047439778761721,0.0,4.387564995957936,0.0,0.0,0.616336684794911,0.0,-0.15533040642027895,-0.3042175267839209,0.0,0.0,0.0,0.0,0.0,0.0,-0.8869410749137838
31.2,0.0,0.0,0.0,0.0,0.0,-1.2179052762024547,0.0,0.0,0.0,0.0,0.0,0.0,0.0,0.0,0.0,0.0,0.0,0.0,0.0,0.0,0.0,0.0,0.0,0.0,-0.10426909766900927,1.1713265686915513,0.0,0.0,0.0,-8.028361070786886,0.0,0.0,-1.6517932893719394,5.28505806013399,0.0,0.0,0.0,-1.0568514720369002,0.4656289025336928,0.0,9.655567460461215,0.0,0.0,0.0,0.0,-1.4384420220871306,0.0,0.0,0.0,0.0,-2.919745800887064,0.21704984181305598,0.0,5.459895089881979,0.0,0.0,1.1230757579653794,0.0,-0.7513642864677266,3.59328499480268,0.0,0.0,0.0,0.0,0.0,0.0,-2.548543694044243
28.0,0.0,0.0,0.0,0.0,0.0,0.5753268935021509,0.0,0.0,0.0,0.0,0.0,0.0,0.0,0.0,0.0,0.0,0.0,0.0,0.0,0.0,0.0,0.0,0.0,0.0,-2.0247693792280606,0.5954636594496279,0.0,0.0,0.0,-4.240823476776258,0.0,0.0,-0.9139430394813299,2.0166308891445777,0.0,0.0,0.0,-0.6549834910497818,0.3063946615350801,0.0,10.913523693200458,0.0,0.0,0.0,0.0,-1.003918200968048,0.0,0.0,0.0,0.0,-0.5745282262043379,-0.5359459703742147,0.0,2.3655992476885075,0.0,0.0,0.8300610535347417,0.0,-1.9881604436165006,2.4680935657645096,0.0,0.0,0.0,0.0,0.0,0.0,-2.4819387803558985
25.1,0.0,0.0,0.0,0.0,0.0,-1.6426289694320744,0.0,0.0,0.0,0.0,0.0,0.0,0.0,0.0,0.0,0.0,0.0,0.0,0.0,0.0,0.0,0.0,0.0,0.0,-1.0540635254580657,0.7546673935054855,0.0,0.0,0.0,-4.097534059373368,0.0,0.0,-1.688928874044617,1.459984037047155,0.0,0.0,0.0,-0.7055249354016002,0.16433922850717408,0.0,10.629744781137422,0.0,0.0,0.0,0.0,-1.4812370034456581,0.0,0.0,0.0,0.0,-0.5104899198086219,-0.4062771870211357,0.0,2.032286976630303,0.0,0.0,1.2518771758877545,0.0,-0.05565488178566014,1.801003106922769,0.0,0.0,0.0,0.0,0.0,0.0,-2.174425171543211
21.7,0.0,0.0,0.0,0.0,0.0,1.1174837684039218,0.0,0.0,0.0,0.0,0.0,0.0,0.0,0.0,0.0,0.0,0.0,0.0,0.0,0.0,0.0,0.0,0.0,0.0,-0.5171424041779638,0.7527001437736729,0.0,0.0,0.0,-5.407094840757565,0.0,0.0,-3.1137065326027056,3.2649130183980706,0.0,0.0,0.0,-0.24689205253761592,0.29662875223780016,0.0,8.197753526289162,0.0,0.0,0.0,0.0,-0.7789795830763397,0.0,0.0,0.0,0.0,-0.052782580162404,-0.022420690449188818,0.0,1.4064163314420028,0.0,0.0,1.105064596302328,0.0,-0.5507924581923156,0.5590334873122096,0.0,0.0,0.0,0.0,0.0,0.0,-3.545038568698444
18.1,0.0,0.0,0.0,0.0,0.0,-0.7707877221523152,0.0,0.0,0.0,0.0,0.0,0.0,0.0,0.0,0.0,0.0,0.0,0.0,0.0,0.0,0.0,0.0,0.0,0.0,-0.28324356929577643,0.5138916241866447,0.0,0.0,0.0,-1.9698387326068296,0.0,0.0,-1.272936085855103,1.3299093276613672,0.0,0.0,0.0,-1.273238229912371,0.15067354650137155,0.0,7.38840272802335,0.0,0.0,0.0,0.0,0.2324850432389578,0.0,0.0,0.0,0.0,-1.610246417944106,0.2616285299509933,0.0,1.5444850753011732,0.0,0.0,0.7434216313856101,0.0,-2.3315729059002983,-0.6221966410238569,0.0,0.0,0.0,0.0,0.0,0.0,-1.227155516877894
13.4,0.0,0.0,0.0,0.0,0.0,-1.6293516063005722,0.0,0.0,0.0,0.0,0.0,0.0,0.0,0.0,0.0,0.0,0.0,0.0,0.0,0.0,0.0,0.0,0.0,0.0,-0.35982329531024426,-2.579515399860494,0.0,0.0,0.0,-6.551493554262828,0.0,0.0,-0.42061567673063216,4.251946256602864,0.0,0.0,0.0,-0.31778849820907773,0.24916980354657703,0.0,8.4763312947455,0.0,0.0,0.0,0.0,-3.3848255612834457,0.0,0.0,0.0,0.0,-3.371076877045315,0.798410634337638,0.0,1.1742290236036403,0.0,0.0,0.13692853614379885,0.0,-0.11953914614649896,-3.912705592131349,0.0,0.0,0.0,0.0,0.0,0.0,0.2529589958838585
11.0,0.0,0.0,0.0,0.0,0.0,1.8978300419146255,0.0,0.0,0.0,0.0,0.0,0.0,0.0,0.0,0.0,0.0,0.0,0.0,0.0,0.0,0.0,0.0,0.0,0.0,-1.5565844343834927,-3.4340635883512842,0.0,0.0,0.0,-8.031914310720527,0.0,0.0,-1.278269262548669,3.075486802945246,0.0,0.0,0.0,-0.5399474374699711,0.566427724732522,0.0,7.557239823259633,0.0,0.0,0.0,0.0,-4.556091047418816,0.0,0.0,0.0,0.0,-2.8192103890571225,0.4787673689453982,0.0,3.128329593546394,0.0,0.0,-0.10329781978860275,0.0,-0.6863485699012539,-1.7202284960185663,0.0,0.0,0.0,0.0,0.0,0.0,-0.6757506536984863
9.7,0.0,0.0,0.0,0.0,0.0,2.5204096248997443,0.0,0.0,0.0,0.0,0.0,0.0,0.0,0.0,0.0,0.0,0.0,0.0,0.0,0.0,0.0,0.0,0.0,0.0,-1.1925869515218315,-0.02880377293415215,0.0,0.0,0.0,-6.563615354918344,0.0,0.0,-0.7762171545164804,2.878177634686132,0.0,0.0,0.0,-1.0794923000356675,0.4167273239536371,0.0,9.369273416635755,0.0,0.0,0.0,0.0,-4.737683313451619,0.0,0.0,0.0,0.0,-5.338824498642558,-0.4190866282439041,0.0,0.050937097253100916,0.0,0.0,0.24218857897156365,0.0,-0.711535321588463,-1.6212411063799905,0.0,0.0,0.0,0.0,0.0,0.0,-2.917668375940936
8.7,0.0,0.0,0.0,0.0,0.0,1.3293119958851563,0.0,0.0,0.0,0.0,0.0,0.0,0.0,0.0,0.0,0.0,0.0,0.0,0.0,0.0,0.0,0.0,0.0,0.0,-0.255602747801122,0.016113798066624163,0.0,0.0,0.0,-3.3903038940278867,0.0,0.0,-2.643112346160555,-0.1961271263748534,0.0,0.0,0.0,-1.4763379008902309,-0.18733137562614566,0.0,10.912078340519768,0.0,0.0,0.0,0.0,-2.4392983629293035,0.0,0.0,0.0,0.0,-6.615515819191288,-0.12815135394280386,0.0,-0.8037712449617169,0.0,0.0,-0.6469278727243672,0.0,-0.5551272801624112,-2.2888944449255,0.0,0.0,0.0,0.0,0.0,0.0,-1.6377061342949553
7.8,0.0,0.0,0.0,0.0,0.0,0.4414048139920137,0.0,0.0,0.0,0.0,0.0,0.0,0.0,0.0,0.0,0.0,0.0,0.0,0.0,0.0,0.0,0.0,0.0,0.0,-0.5333398087787629,0.10538760545436432,0.0,0.0,0.0,-4.278497906420089,0.0,0.0,-1.0213057231232732,2.7367507854539053,0.0,0.0,0.0,-1.0534004140522155,0.012542229932593685,0.0,5.269234663440981,0.0,0.0,0.0,0.0,-5.432802390765264,0.0,0.0,0.0,0.0,-5.821625912047013,0.2760564013975628,0.0,0.03041528115495762,0.0,0.0,0.5495446847478771,0.0,-2.2681580467345483,0.9832962355726229,0.0,0.0,0.0,0.0,0.0,0.0,-1.9408052631665855
7.5,0.0,0.0,0.0,0.0,0.0,-1.5472774168025438,0.0,0.0,0.0,0.0,0.0,0.0,0.0,0.0,0.0,0.0,0.0,0.0,0.0,0.0,0.0,0.0,0.0,0.0,-0.9174040512788544,-3.56501832603833,0.0,0.0,0.0,-2.027130771106532,0.0,0.0,-1.6295012808811826,0.3202429903411117,0.0,0.0,0.0,-1.1638559145556453,0.21666968101371165,0.0,6.49496551124237,0.0,0.0,0.0,0.0,-2.075058280343667,0.0,0.0,0.0,0.0,-12.635005428848368,0.03428347222482131,0.0,5.018729490150176,0.0,0.0,0.6827811014059018,0.0,-0.16492166561622756,-0.68395894064549,0.0,0.0,0.0,0.0,0.0,0.0,0.8377882612736727
7.5,0.0,0.0,0.0,0.0,0.0,-0.3582128583518074,0.0,0.0,0.0,0.0,0.0,0.0,0.0,0.0,0.0,0.0,0.0,0.0,0.0,0.0,0.0,0.0,0.0,0.0,-0.8453625257083601,-1.8229149546141823,0.0,0.0,0.0,-1.414274205721573,0.0,0.0,-3.828097098021331,0.7043471785668105,0.0,0.0,0.0,-1.0407906121856332,-0.11908745798288134,0.0,7.556749569650767,0.0,0.0,0.0,0.0,-3.2417770474391148,0.0,0.0,0.0,0.0,-6.954918999657695,0.3452999853739849,0.0,-0.7603721402982497,0.0,0.0,1.1326814105326326,0.0,-0.7673091684335152,-0.39467678898795455,0.0,0.0,0.0,0.0,0.0,0.0,-1.7179636825628224
7.3,0.0,0.0,0.0,0.0,0.0,3.8285585374193216,0.0,0.0,0.0,0.0,0.0,0.0,0.0,0.0,0.0,0.0,0.0,0.0,0.0,0.0,0.0,0.0,0.0,0.0,-3.5485541771078726,0.023718078448816904,0.0,0.0,0.0,-5.756307804208878,0.0,0.0,-2.564306880298508,1.310902551234368,0.0,0.0,0.0,-1.63560195525789,-0.10078392409814096,0.0,15.16007619871649,0.0,0.0,0.0,0.0,-2.8137939972521693,0.0,0.0,0.0,0.0,-11.356484447111463,0.21789520516281158,0.0,0.8521717440026322,0.0,0.0,1.2395843852773307,0.0,-6.1161513161627905,-1.156136452867683,0.0,0.0,0.0,0.0,0.0,0.0,-1.8556011197116407
7.25,0.0,0.0,0.0,0.0,0.0,1.8595881659678302,0.0,0.0,0.0,0.0,0.0,0.0,0.0,0.0,0.0,0.0,0.0,0.0,0.0,0.0,0.0,0.0,0.0,0.0,-1.2000369220535534,-2.360119768143969,0.0,0.0,0.0,-1.1327374183266974,0.0,0.0,-3.198413994874575,2.121961772629965,0.0,0.0,0.0,-2.0801282629809377,0.20568138581670414,0.0,6.883698387246818,0.0,0.0,0.0,0.0,-1.6782665722266987,0.0,0.0,0.0,0.0,-11.454801940682525,0.2081382573872652,0.0,0.2535694506240791,0.0,0.0,1.3386202289368674,0.0,-4.136082913792222,0.5805580873916867,0.0,0.0,0.0,0.0,0.0,0.0,-1.2209181329420584
32.6,0.0,0.0,0.0,0.0,0.0,-0.8339330008899601,0.0,0.0,0.0,0.0,0.0,0.0,0.0,0.0,0.0,0.0,0.0,0.0,0.0,0.0,0.0,0.0,0.0,0.0,-0.14264006759822756,3.8802671633235786,0.0,0.0,0.0,-9.529977137753074,0.0,0.0,-0.1877442511301144,5.9804659937313005,0.0,0.0,0.0,-0.41666282846542657,-0.012498830072555478,0.0,8.20183355262525,0.0,0.0,0.0,0.0,-1.8957744473727818,0.0,0.0,0.0,0.0,-0.5764705072824903,-0.3382084413762563,0.0,2.1362864183334764,0.0,0.0,0.09011964456508181,0.0,-0.5076445370858984,1.711413270269377,0.0,0.0,0.0,0.0,0.0,0.0,-0.34409947108093775
29.0,0.0,0.0,0.0,0.0,0.0,-0.16873670559167486,0.0,0.0,0.0,0.0,0.0,0.0,0.0,0.0,0.0,0.0,0.0,0.0,0.0,0.0,0.0,0.0,0.0,0.0,-0.5254625419034991,2.066922179999313,0.0,0.0,0.0,-6.812599088432066,0.0,0.0,-1.8492789961756628,4.743313648712199,0.0,0.0,0.0,-0.31455836061954656,0.5490854702794188,0.0,7.7203659982104025,0.0,0.0,0.0,0.0,-1.6124065429716392,0.0,0.0,0.0,0.0,-2.832916964443706,-0.4778669591908802,0.0,2.610612141222891,0.0,0.0,0.6268500536753994,0.0,0.3227258640588335,0.015744919857478834,0.0,0.0,0.0,0.0,0.0,0.0,-0.07874789924389525
25.6,0.0,0.0,0.0,0.0,0.0,-1.9471043888969817,0.0,0.0,0.0,0.0,0.0,0.0,0.0,0.0,0.0,0.0,0.0,0.0,0.0,0.0,0.0,0.0,0.0,0.0,-0.3496791823275611,1.554471987398406,0.0,0.0,0.0,-11.06013800684299,0.0,0.0,-2.4838535382316724,4.721761717708205,0.0,0.0,0.0,-0.40836052451148497,0.0027065031705930664,0.0,8.496605621768346,0.0,0.0,0.0,0.0,-1.871157717138459,0.0,0.0,0.0,0.0,-0.6277835626902633,0.21655958820418952,0.0,4.326778822365631,0.0,0.0,0.39654658131253306,0.0,-0.11356567730893374,1.0737371215068041,0.0,0.0,0.0,0.0,0.0,0.0,-0.5883489391025893
21.5,0.0,0.0,0.0,0.0,0.0,-0.45922809271666054,0.0,0.0,0.0,0.0,0.0,0.0,0.0,0.0,0.0,0.0,0.0,0.0,0.0,0.0,0.0,0.0,0.0,0.0,-0.05956020995094846,0.4759142951082378,0.0,0.0,0.0,-5.504105833731809,0.0,0.0,-2.9855878384279926,3.4842282230321926,0.0,0.0,0.0,-0.8292436528796188,0.38945649999996057,0.0,7.284026826869654,0.0,0.0,0.0,0.0,-2.196632632711685,0.0,0.0,0.0,0.0,-1.5244795252596566,-0.0055701248218422705,0.0,1.7338813228759555,0.0,0.0,1.2575191027565236,0.0,-0.1243530696095263,1.3695549899355557,0.0,0.0,0.0,0.0,0.0,0.0,-2.541435593549272
28.7,0.0,0.0,0.0,0.0,0.0,2.022964686693541,0.0,0.0,0.0,0.0,0.0,0.0,0.0,0.0,0.0,0.0,0.0,0.0,0.0,0.0,0.0,0.0,0.0,0.0,0.09832881049659292,0.6567775533654174,0.0,0.0,0.0,-7.7180343269955785,0.0,0.0,-0.4095368667305852,4.076980599832968,0.0,0.0,0.0,-0.1846865112441165,0.23219545904625072,0.0,8.716370097358688,0.0,0.0,0.0,0.0,-3.092468454004293,0.0,0.0,0.0,0.0,-1.340275027144651,0.3616485272405523,0.0,1.9869939213024406,0.0,0.0,0.2562962803113997,0.0,-0.07711696409206859,-1.436684465096807,0.0,0.0,0.0,0.0,0.0,0.0,-0.2474835816426637
25.7,0.0,0.0,0.0,0.0,0.0,-0.37982326929379795,0.0,0.0,0.0,0.0,0.0,0.0,0.0,0.0,0.0,0.0,0.0,0.0,0.0,0.0,0.0,0.0,0.0,0.0,-0.4652024405387287,-1.3555369450154462,0.0,0.0,0.0,-7.109691182245262,0.0,0.0,-0.7347179611310963,5.343630964471409,0.0,0.0,0.0,-0.45001029206318677,0.1492703576087635,0.0,9.144735753020639,0.0,0.0,0.0,0.0,-2.6046515824702787,0.0,0.0,0.0,0.0,-0.6367027558256915,-0.025766606779273005,0.0,0.7684275800799387,0.0,0.0,0.28684557913543074,0.0,-0.3816000266019479,0.14992860713155842,0.0,0.0,0.0,0.0,0.0,0.0,-0.5689287103380387
22.6,0.0,0.0,0.0,0.0,0.0,1.9159829604306546,0.0,0.0,0.0,0.0,0.0,0.0,0.0,0.0,0.0,0.0,0.0,0.0,0.0,0.0,0.0,0.0,0.0,0.0,-0.02069173479068276,1.3589717967232833,0.0,0.0,0.0,-2.8697499312315307,0.0,0.0,-2.518171180979211,0.35981104446367596,0.0,0.0,0.0,-0.3053169166562446,0.4272408576437172,0.0,7.60471234814125,0.0,0.0,0.0,0.0,-3.8176979696585107,0.0,0.0,0.0,0.0,-1.5031894217657262,0.2715255658823681,0.0,0.19973088044939047,0.0,0.0,1.2165661982423384,0.0,-0.5400070985433958,-1.843955124357155,0.0,0.0,0.0,0.0,0.0,0.0,-0.7824825560834796
18.3,0.0,0.0,0.0,0.0,0.0,-0.01346692163412122,0.0,0.0,0.0,0.0,0.0,0.0,0.0,0.0,0.0,0.0,0.0,0.0,0.0,0.0,0.0,0.0,0.0,0.0,-0.42982998891434043,-1.5279337146266467,0.0,0.0,0.0,-5.199790712199325,0.0,0.0,-1.6538080317353998,2.9545814676602404,0.0,0.0,0.0,-0.8930786941080573,0.374634046914478,0.0,8.512369494729258,0.0,0.0,0.0,0.0,-2.9856580198472367,0.0,0.0,0.0,0.0,-1.9545437086086208,0.03793878423435615,0.0,0.7856237994976585,0.0,0.0,0.04325232798490575,0.0,-0.7008991695596345,0.6645162428394737,0.0,0.0,0.0,0.0,0.0,0.0,-0.5533587083974849
24.6,0.0,0.0,0.0,0.0,0.0,0.02731949772075737,0.0,0.0,0.0,0.0,0.0,0.0,0.0,0.0,0.0,0.0,0.0,0.0,0.0,0.0,0.0,0.0,0.0,0.0,-0.18675542102783282,-0.27864786747078263,0.0,0.0,0.0,-7.578447412082953,0.0,0.0,-0.3822374002426976,0.4125383035386623,0.0,0.0,0.0,-0.28783303582442343,0.09307017580947452,0.0,9.000133572256315,0.0,0.0,0.0,0.0,-2.3135227118314763,0.0,0.0,0.0,0.0,-1.4122446304945537,0.029831278354750523,0.0,3.878542623188805,0.0,0.0,0.050761684907392635,0.0,-0.05532995966893672,-0.521957810927347,0.0,0.0,0.0,0.0,0.0,0.0,-0.26526796530286845
21.6,0.0,0.0,0.0,0.0,0.0,0.8176087547045361,0.0,0.0,0.0,0.0,0.0,0.0,0.0,0.0,0.0,0.0,0.0,0.0,0.0,0.0,0.0,0.0,0.0,0.0,-0.12431126290890404,-0.981445313946681,0.0,0.0,0.0,-6.665783954297914,0.0,0.0,-0.6789384008867447,3.7750670562518955,0.0,0.0,0.0,-0.4436608376026916,0.40208091498397547,0.0,6.557195526760744,0.0,0.0,0.0,0.0,-4.376222799623735,0.0,0.0,0.0,0.0,-0.8922846414789039,0.03847842578521643,0.0,2.789620604828646,0.0,0.0,0.30707807198939463,0.0,-1.2378018046968222,-0.8661440817283683,0.0,0.0,0.0,0.0,0.0,0.0,-0.3478106535432124
18.1,0.0,0.0,0.0,0.0,0.0,1.1733524631709464,0.0,0.0,0.0,0.0,0.0,0.0,0.0,0.0,0.0,0.0,0.0,0.0,0.0,0.0,0.0,0.0,0.0,0.0,-0.20768821731959974,-2.135968912648531,0.0,0.0,0.0,-4.039894210824425,0.0,0.0,-0.9930580177629604,1.507160096935472,0.0,0.0,0.0,-0.2289519512783169,0.1829355329034641,0.0,7.178212481304131,0.0,0.0,0.0,0.0,-1.5511127970288516,0.0,0.0,0.0,0.0,-1.071577978469774,-0.027273680653324917,0.0,0.8868412002991573,0.0,0.0,0.14370649555153392,0.0,-0.6521667302600722,-2.107832975661953,0.0,0.0,0.0,0.0,0.0,0.0,-1.524717984142553
14.5,0.0,0.0,0.0,0.0,0.0,-0.9041075599337223,0.0,0.0,0.0,0.0,0.0,0.0,0.0,0.0,0.0,0.0,0.0,0.0,0.0,0.0,0.0,0.0,0.0,0.0,-0.20452365334771372,-0.3286699624531355,0.0,0.0,0.0,-6.050401489590316,0.0,0.0,-3.002797366220518,-0.2735515152982959,0.0,0.0,0.0,-0.25526501173838234,0.1985488110968623,0.0,9.30776186107892,0.0,0.0,0.0,0.0,-1.76084639756247,0.0,0.0,0.0,0.0,-0.8949931223646397,-0.24362847233441265,0.0,1.4061054730773908,0.0,0.0,0.43734563606970767,0.0,0.04725412469985635,-0.2806883201310777,0.0,0.0,0.0,0.0,0.0,0.0,-1.7530643906331704
19.6,0.0,0.0,0.0,0.0,0.0,1.3844830035666948,0.0,0.0,0.0,0.0,0.0,0.0,0.0,0.0,0.0,0.0,0.0,0.0,0.0,0.0,0.0,0.0,0.0,0.0,0.06665339517756408,-2.939613927194543,0.0,0.0,0.0,-7.52194211278662,0.0,0.0,-0.5038484227456212,3.7808527520241153,0.0,0.0,0.0,-0.4705206264262056,0.31919311545150997,0.0,6.058540556507378,0.0,0.0,0.0,0.0,-4.02339819870558,0.0,0.0,0.0,0.0,-0.6851678464937514,-0.050961763755832834,0.0,1.1175856756702203,0.0,0.0,0.4072863711084125,0.0,-0.23272784897492826,0.4479709381335244,0.0,0.0,0.0,0.0,0.0,0.0,-0.374092619926337
16.4,0.0,0.0,0.0,0.0,0.0,-1.939174774374079,0.0,0.0,0.0,0.0,0.0,0.0,0.0,0.0,0.0,0.0,0.0,0.0,0.0,0.0,0.0,0.0,0.0,0.0,-0.4594568484346464,-0.5650996890152751,0.0,0.0,0.0,-4.702178135166649,0.0,0.0,-0.9158624394940347,-0.4371840951982513,0.0,0.0,0.0,-0.3021694928822498,0.27540199743198635,0.0,9.587483133442532,0.0,0.0,0.0,0.0,-3.424875673171057,0.0,0.0,0.0,0.0,-0.7632809197785555,-0.13595418181761687,0.0,1.9602611182719425,0.0,0.0,0.4651599196631997,0.0,-0.3374045757091313,-2.672763789778795,0.0,0.0,0.0,0.0,0.0,0.0,-0.538286980799425
13.5,0.0,0.0,0.0,0.0,0.0,0.6330503554523386,0.0,0.0,0.0,0.0,0.0,0.0,0.0,0.0,0.0,0.0,0.0,0.0,0.0,0.0,0.0,0.0,0.0,0.0,-0.1353539452722945,-1.5026843352933028,0.0,0.0,0.0,-4.996649399330439,0.0,0.0,-2.522496553865855,2.2045375875989226,0.0,0.0,0.0,-0.09833287579993844,0.08203749189485521,0.0,5.9927721064506585,0.0,0.0,0.0,0.0,-4.114310907042249,0.0,0.0,0.0,0.0,-0.1252673783065621,0.2508254807388681,0.0,0.34769045241185914,0.0,0.0,0.1358007990211174,0.0,-0.8784136067176185,-0.852933493951145,0.0,0.0,0.0,0.0,0.0,0.0,-0.12198343725130023
51.3,0.0,0.0,0.0,0.0,0.0,1.4709781555165247,0.0,0.0,0.0,0.0,0.0,0.0,0.0,0.0,0.0,0.0,0.0,0.0,0.0,0.0,0.0,0.0,0.0,0.0,0.0,3.696105131147574,0.0,0.0,0.0,-11.256270544466213,0.0,0.0,0.0,8.061615746582616,0.0,0.0,0.0,0.0,0.44337450839948467,0.0,13.96043759398601,0.0,0.0,0.0,0.0,0.4365766619672744,0.0,0.0,0.0,0.0,0.0,-0.13442749560175393,0.0,4.395343129861752,0.0,0.0,0.0,0.0,0.0,5.594658817658916,0.0,0.0,0.0,0.0,0.0,0.0,0.0
45.7,0.0,0.0,0.0,0.0,0.0,0.6389182912125104,0.0,0.0,0.0,0.0,0.0,0.0,0.0,0.0,0.0,0.0,0.0,0.0,0.0,0.0,0.0,0.0,0.0,0.0,0.0,-0.4145268617777056,0.0,0.0,0.0,-7.5422252571228,0.0,0.0,0.0,4.0523348081733825,0.0,0.0,0.0,0.0,0.12246187950585252,0.0,15.47351625069561,0.0,0.0,0.0,0.0,-0.36602194899123397,0.0,0.0,0.0,0.0,0.0,-0.14385049106818393,0.0,6.022522600635552,0.0,0.0,0.0,0.0,0.0,1.6205762644733888,0.0,0.0,0.0,0.0,0.0,0.0,0.0
84.8,0.0,0.0,0.0,0.0,0.0,6.148056860613099,0.0,1.5042406322997497,0.0,0.0,0.0,0.0,0.0,0.0,0.0,0.0,0.0,0.0,0.0,0.0,0.0,0.0,0.0,5.04847300739554,0.0,4.141832131707396,0.0,0.0,0.0,-3.9727962692323704,0.0,0.0,0.0,13.58830357128774,0.0,0.0,0.0,0.0,0.7464617709802717,2.392960826792546,21.923074960521237,0.0,-1.4680210318883304,0.0,0.0,-0.44087577519177046,0.0,1.6349561488595281,0.0,0.0,0.0,0.005092781297923565,0.0,9.903927719276703,0.0,0.0,0.0,0.0,0.0,3.5559403113897616,0.0,0.0,0.0,0.0,0.0,0.0,0.0
76.8,0.0,0.0,0.0,0.0,0.0,1.145869858887579,0.0,2.46846633760034,0.0,0.0,0.0,0.0,0.0,0.0,0.0,0.0,0.0,0.0,0.0,0.0,0.0,0.0,0.0,3.9229901503573146,0.0,1.6379982867705216,0.0,0.0,0.0,-0.9136162838578628,0.0,0.0,0.0,12.801334788152806,0.0,0.0,0.0,0.0,0.4445583906575621,3.2098449961122633,18.494952538326878,0.0,-2.171861503355025,0.0,0.0,1.1331552930550544,0.0,1.3731256447497415,0.0,0.0,0.0,-0.5433379004601964,0.0,11.869124802516836,0.0,0.0,0.0,0.0,0.0,3.239758191702842,0.0,0.0,0.0,0.0,0.0,0.0,0.0
46.5,0.0,0.0,0.0,0.0,0.0,0.7031405800528798,0.0,1.7051265533280748,0.0,0.0,0.0,0.0,0.0,0.0,0.0,0.0,0.0,0.0,0.0,0.0,0.0,0.0,0.0,2.2774820397037914,0.0,2.4231758642894725,0.0,0.0,0.0,-3.6277598556033332,0.0,0.0,0.0,8.17515780118292,0.0,0.0,0.0,0.0,0.49994619162730736,0.5663932245906178,12.42713993134098,0.0,-7.917026091347516,0.0,0.0,-2.2101502332962966,0.0,1.186662108381885,0.0,0.0,0.0,-0.06722981673639872,0.0,6.142575925250469,0.0,0.0,0.0,0.0,0.0,4.420840630040507,0.0,0.0,0.0,0.0,0.0,0.0,0.0
28.9,0.0,0.0,0.0,0.0,0.0,2.061783966189674,0.0,0.8084383642779169,0.0,0.0,0.0,0.0,0.0,0.0,0.0,0.0,0.0,0.0,0.0,0.0,0.0,0.0,0.0,0.8290290913880085,0.0,3.3210873800274623,0.0,0.0,0.0,-2.1346768878278084,0.0,0.0,0.0,5.726895169693925,0.0,0.0,0.0,0.0,0.23816291233359088,-1.834997036157283,8.70279157216042,0.0,-11.44106297334344,0.0,0.0,-1.9268183123234177,0.0,0.6359500429366456,0.0,0.0,0.0,-0.5078048350183231,0.0,6.655774902778409,0.0,0.0,0.0,0.0,0.0,0.6577090297286112,0.0,0.0,0.0,0.0,0.0,0.0,0.0
16.1,0.0,0.0,0.0,0.0,0.0,2.0270230955044033,0.0,-0.7225483107564692,0.0,0.0,0.0,0.0,0.0,0.0,0.0,0.0,0.0,0.0,0.0,0.0,0.0,0.0,0.0,0.6201248333380924,0.0,0.5874800285819353,0.0,0.0,0.0,-5.11456604994979,0.0,0.0,0.0,4.795349449130979,0.0,0.0,0.0,0.0,0.3259264389272438,-4.168187548233401,7.121002449312121,0.0,-10.372352956510914,0.0,0.0,-0.39606206857123283,0.0,-1.6334590528330448,0.0,0.0,0.0,-0.39611085221138076,0.0,3.2122361361226517,0.0,0.0,0.0,0.0,0.0,1.2305438098751154,0.0,0.0,0.0,0.0,0.0,0.0,0.0
68.0,0.0,0.0,0.0,0.0,0.0,7.537170629246143,0.0,1.4626372517820023,0.0,0.0,0.0,0.0,0.0,0.0,0.0,0.0,0.0,0.0,0.0,0.0,0.0,0.0,0.0,2.8812420493607345,0.0,2.8598183951582437,0.0,0.0,0.0,-3.9705983684722224,0.0,0.0,0.0,8.67968809615996,0.0,0.0,0.0,0.0,0.7795959709619886,2.100197072438702,18.40686683644309,0.0,0.0,0.0,0.0,-0.8760492482664368,0.0,1.7780309567013415,0.0,0.0,0.0,0.41908662824390497,0.0,2.3374114231477483,0.0,0.0,0.0,0.0,0.0,-0.4416707892102316,0.0,0.0,0.0,0.0,0.0,0.0,0.0
61.0,0.0,0.0,0.0,0.0,0.0,0.34434951470496067,0.0,1.2541755280961056,0.0,0.0,0.0,0.0,0.0,0.0,0.0,0.0,0.0,0.0,0.0,0.0,0.0,0.0,0.0,2.226691458180726,0.0,4.4707577756461205,0.0,0.0,0.0,-11.057887339544154,0.0,0.0,0.0,13.493596286833691,0.0,0.0,0.0,0.0,0.6918843044542484,1.0596967998230902,13.989939390491907,0.0,0.0,0.0,0.0,-1.2659278531076943,0.0,1.35956489151949,0.0,0.0,0.0,-0.08782613363859149,0.0,11.64755467300267,0.0,0.0,0.0,0.0,0.0,-1.5667003580583447,0.0,0.0,0.0,0.0,0.0,0.0,0.0
41.5,0.0,0.0,0.0,0.0,0.0,1.9539350393056871,0.0,0.8806317241214217,0.0,0.0,0.0,0.0,0.0,0.0,0.0,0.0,0.0,0.0,0.0,0.0,0.0,0.0,0.0,1.1948687403658695,0.0,-1.9470579743947631,0.0,0.0,0.0,-9.907490634906988,0.0,0.0,0.0,4.805583438279518,0.0,0.0,0.0,0.0,0.6091498877182833,0.5678976065746166,16.57538233911653,0.0,0.0,0.0,0.0,-3.3852469862851624,0.0,1.171617653338279,0.0,0.0,0.0,0.714409161434606,0.0,7.577549828126287,0.0,0.0,0.0,0.0,0.0,-0.9931915684715129,0.0,0.0,0.0,0.0,0.0,0.0,0.0
33.1,0.0,0.0,0.0,0.0,0.0,3.5945600064662386,0.0,-1.0294100701523057,0.0,0.0,0.0,0.0,0.0,0.0,0.0,0.0,0.0,0.0,0.0,0.0,0.0,0.0,0.0,0.8744124692410473,0.0,3.721587983873569,0.0,0.0,0.0,-5.22685525291001,0.0,0.0,0.0,6.2352188321846675,0.0,0.0,0.0,0.0,0.6188419623169654,-3.683255586256667,11.439946144555833,0.0,-11.938874640366985,0.0,0.0,-1.3377438264467045,0.0,-0.7326010642869392,0.0,0.0,0.0,0.15472830203287913,0.0,4.701273852386651,0.0,0.0,0.0,0.0,0.0,4.3157939332335875,0.0,0.0,0.0,0.0,0.0,0.0,0.0
47.0,0.0,0.0,0.0,0.0,0.0,3.977604424359569,0.0,0.13967327514045635,0.0,0.0,0.0,0.0,0.0,0.0,0.0,0.0,0.0,0.0,0.0,0.0,0.0,0.0,0.0,1.2859736716269419,0.0,4.7069871280759585,0.0,0.0,0.0,-7.579484325384604,0.0,0.0,0.0,7.757999555074649,0.0,0.0,0.0,0.0,0.39667274305758227,-2.983612870113479,14.300866865257326,0.0,-11.179437684647816,0.0,0.0,1.2096134307907356,0.0,-1.1247636279652458,0.0,0.0,0.0,-0.7321611325411101,0.0,9.288210498813207,0.0,0.0,0.0,0.0,0.0,4.401160249330106,0.0,0.0,0.0,0.0,0.0,0.0,0.0
64.3,0.0,0.0,0.0,0.0,0.0,3.7766020378840466,0.0,0.4987474353032777,0.0,0.0,0.0,0.0,0.0,0.0,0.0,0.0,0.0,0.0,0.0,0.0,0.0,0.0,0.0,2.104016424931892,0.0,2.954146665613056,0.0,0.0,0.0,-6.58472820569275,0.0,0.0,0.0,14.740608420815672,0.0,0.0,0.0,0.0,0.46128513620952916,0.19633459418680488,18.82207129226982,0.0,-7.8101412456582775,0.0,0.0,-0.296848230549001,0.0,1.1727417886846059,0.0,0.0,0.0,-0.3590752794946592,0.0,6.342296999528942,0.0,0.0,0.0,0.0,0.0,3.054131434851662,0.0,0.0,0.0,0.0,0.0,0.0,0.0
82.9,0.0,0.0,0.0,0.0,0.0,2.4624490019422165,0.0,0.17861228880742175,0.0,0.0,0.0,0.0,0.0,0.0,0.0,0.0,0.0,0.0,0.0,0.0,0.0,0.0,0.0,2.7881861295812307,0.0,6.590244623187797,0.0,0.0,0.0,0.019007490601911314,0.0,0.0,0.0,12.358317065058426,0.0,0.0,0.0,0.0,0.7524292929382685,0.934463399761384,17.29945559872105,0.0,-6.38617758169034,0.0,0.0,0.662541494271089,0.0,1.8233351092086032,0.0,0.0,0.0,-0.8967795485023675,0.0,8.66926739834139,0.0,0.0,0.0,0.0,0.0,7.01158799608435,0.0,0.0,0.0,0.0,0.0,0.0,0.0
70.1,0.0,0.0,0.0,0.0,0.0,0.9664328353980576,0.0,1.8635717512225227,0.0,0.0,0.0,0.0,0.0,0.0,0.0,0.0,0.0,0.0,0.0,0.0,0.0,0.0,0.0,1.566445102330885,0.2805257079972536,2.4583654047315715,0.0,0.0,0.0,-4.612848917419628,0.0,0.0,-0.7492539751403093,5.038863509271067,0.0,0.0,0.0,-0.5880028389529004,0.6308093844513465,2.304802855901313,18.539814039729997,0.0,0.0,0.0,0.0,-2.049415225824178,0.0,1.3715555586738404,0.0,0.0,-2.113225765359477,0.10871280384493254,0.0,3.471626881391493,0.0,0.0,0.619680122114004,0.0,-0.03160446478834267,1.776745661605747,0.0,0.0,0.0,0.0,0.0,0.0,-0.9868012137631705
53.2,0.0,0.0,0.0,0.0,0.0,3.0757238540795218,0.0,0.9890987419235415,0.0,0.0,0.0,0.0,0.0,0.0,0.0,0.0,0.0,0.0,0.0,0.0,0.0,0.0,0.0,0.9952631701452876,0.35643008549343413,0.9494493989017343,0.0,0.0,0.0,-2.517545344010111,0.0,0.0,-3.0700167724841556,3.375285784484765,0.0,0.0,0.0,0.24697050190487957,0.47438464231966293,1.0998924317161016,14.96150739072209,0.0,0.0,0.0,0.0,-1.0283733079261195,0.0,1.0227422035540918,0.0,0.0,-1.4515324911377983,-0.2687000701841189,0.0,0.7770942437132895,0.0,0.0,1.165336344211819,0.0,-0.07409608661883915,-0.024116917668941085,0.0,0.0,0.0,0.0,0.0,0.0,-1.2995805715438307
43.4,0.0,0.0,0.0,0.0,0.0,1.9659977282530896,0.0,1.1730715177478483,0.0,0.0,0.0,0.0,0.0,0.0,0.0,0.0,0.0,0.0,0.0,0.0,0.0,0.0,0.0,1.5017951325912566,-0.2435117802740212,1.731285352007136,0.0,0.0,0.0,-4.466698982279533,0.0,0.0,-3.36298791224516,4.340190422912334,0.0,0.0,0.0,-1.5011330375112362,0.6489989799693507,0.8966779983235256,13.094011028611657,0.0,0.0,0.0,0.0,-3.560231815904622,0.0,0.9338829128992057,0.0,0.0,-0.7182954815599292,-0.6581030894704725,0.0,3.8431031489957466,0.0,0.0,1.5999452345502334,0.0,-0.40355145606444154,-0.3705394349292259,0.0,0.0,0.0,0.0,0.0,0.0,-0.5844136155909929
32.9,0.0,0.0,0.0,0.0,0.0,0.1142845767627243,0.0,0.9757021390499929,0.0,0.0,0.0,0.0,0.0,0.0,0.0,0.0,0.0,0.0,0.0,0.0,0.0,0.0,0.0,0.8129017926687228,-0.7092779863680914,1.2032039856376286,0.0,0.0,0.0,-3.4048962454503577,0.0,0.0,-1.568956031448634,4.104512152566079,0.0,0.0,0.0,-0.5725207354630619,0.18134647998999043,0.8425534010965539,9.361139513752669,0.0,0.0,0.0,0.0,-0.8195899857836633,0.0,1.1455004107119162,0.0,0.0,-2.5340689342678697,-0.4761085506843159,0.0,2.5891614857150778,0.0,0.0,1.7154100196904754,0.0,-2.158175604705564,0.6232969236148218,0.0,0.0,0.0,0.0,0.0,0.0,-1.03638799853542
22.0,0.0,0.0,0.0,0.0,0.0,0.5628508620902508,0.0,0.43099170428187517,0.0,0.0,0.0,0.0,0.0,0.0,0.0,0.0,0.0,0.0,0.0,0.0,0.0,0.0,0.0,0.6394210154140714,-1.309288460996573,1.1722773552456331,0.0,0.0,0.0,-3.547500315886192,0.0,0.0,-2.5537614834200424,2.3571514923998373,0.0,0.0,0.0,-0.9157824244356183,0.46050393872879614,1.2765229400790785,7.728814096852397,0.0,0.0,0.0,0.0,-3.760436359130301,0.0,1.1425684480152363,0.0,0.0,-1.6910165446539054,-0.08939580082343834,0.0,2.003732903966845,0.0,0.0,1.2672375674916196,0.0,-0.7938776975001041,0.9286891582560219,0.0,0.0,0.0,0.0,0.0,0.0,-0.42240262476541357
69.0,0.0,0.0,0.0,0.0,0.0,0.9362949013233699,0.0,2.1674606476738347,0.0,0.0,0.0,0.0,0.0,0.0,0.0,0.0,0.0,0.0,0.0,0.0,0.0,0.0,0.0,3.5554661816529514,0.0,1.2689571908068027,0.0,0.0,0.0,-8.19352440220605,0.0,0.0,0.0,9.584489834108215,0.0,0.0,0.0,0.0,0.7915963069459178,1.5306600224169191,14.875721084840754,0.0,-4.815931173516942,0.0,0.0,0.817754006894341,0.0,1.3022473006654813,0.0,0.0,0.0,-0.7495037166134004,0.0,6.705133343856657,0.0,0.0,0.0,0.0,0.0,1.0956256211722408,0.0,0.0,0.0,0.0,0.0,0.0,0.0
53.5,0.0,0.0,0.0,0.0,0.0,0.7512561919745444,0.0,2.007129272634227,0.0,0.0,0.0,0.0,0.0,0.0,0.0,0.0,0.0,0.0,0.0,0.0,0.0,0.0,0.0,2.1890901765288504,0.0,2.5005883045172705,0.0,0.0,0.0,-10.782652926002111,0.0,0.0,0.0,8.338454224445416,0.0,0.0,0.0,0.0,0.4261287224960384,1.829315967009677,13.532141391834255,0.0,-9.83096914848319,0.0,0.0,-0.420744722643585,0.0,2.5024939429287834,0.0,0.0,0.0,-0.09406068147597324,0.0,6.505301078038022,0.0,0.0,0.0,0.0,0.0,0.19901725490264432,0.0,0.0,0.0,0.0,0.0,0.0,0.0
39.1,0.0,0.0,0.0,0.0,0.0,0.8626264681355309,0.0,3.260158103637149,0.0,0.0,0.0,0.0,0.0,0.0,0.0,0.0,0.0,0.0,0.0,0.0,0.0,0.0,0.0,2.0979460480524157,0.0,3.2009583254035983,0.0,0.0,0.0,-8.328028259586857,0.0,0.0,0.0,3.541733696824604,0.0,0.0,0.0,0.0,0.26044904261545376,-0.06041381378046218,8.28993175257,0.0,-11.500281478067233,0.0,0.0,-0.5578425731780801,0.0,1.7742090839947622,0.0,0.0,0.0,-0.481931273678903,0.0,5.7843343625608465,0.0,0.0,0.0,0.0,0.0,0.5374655148409531,0.0,0.0,0.0,0.0,0.0,0.0,0.0
27.3,0.0,0.0,0.0,0.0,0.0,1.4919206206378721,0.0,2.8361732518223253,0.0,0.0,0.0,0.0,0.0,0.0,0.0,0.0,0.0,0.0,0.0,0.0,0.0,0.0,0.0,1.7108699479708882,0.0,1.7527748819781905,0.0,0.0,0.0,-8.504329038886592,0.0,0.0,0.0,1.0340239697034264,0.0,0.0,0.0,0.0,0.33284231649780516,-0.8335211760471584,6.136512772524909,0.0,-10.86876110502266,0.0,0.0,-0.6955326395242629,0.0,2.2101111734222627,0.0,0.0,0.0,-0.34580810708978404,0.0,3.7463855445690353,0.0,0.0,0.0,0.0,0.0,0.7119528392293617,0.0,0.0,0.0,0.0,0.0,0.0,0.0
17.1,0.0,0.0,0.0,0.0,0.0,1.0479045634212287,0.0,3.03281463220333,0.0,0.0,0.0,0.0,0.0,0.0,0.0,0.0,0.0,0.0,0.0,0.0,0.0,0.0,0.0,1.844355652875624,0.0,1.7043179974545541,0.0,0.0,0.0,-9.102388943887698,0.0,0.0,0.0,1.3357512509737788,0.0,0.0,0.0,0.0,0.3191737640582222,-1.211406943741058,7.091634697943566,0.0,-12.702260928413333,0.0,0.0,-0.34139142968745695,0.0,2.2029412967973965,0.0,0.0,0.0,-0.33790252043243374,0.0,2.563973250741512,0.0,0.0,0.0,0.0,0.0,-0.10173234838136214,0.0,0.0,0.0,0.0,0.0,0.0,0.0
69.7,0.0,0.0,0.0,0.0,0.0,3.503434254259659,0.0,0.0,0.0,0.0,0.0,0.0,0.0,0.0,0.0,0.0,0.0,0.0,0.0,0.0,0.0,0.0,0.0,0.0,-0.16434900720981993,2.9009978304608914,0.0,0.0,0.0,-6.197364540336061,0.0,0.0,-0.5962000287204976,13.808185830802039,0.0,0.0,0.0,-1.0193765718761938,0.5869955227076957,0.0,18.609754946837388,0.0,0.0,0.0,0.0,1.252472605486556,0.0,0.0,0.0,0.0,-1.772568067989372,0.4218176331076364,0.0,5.659859031700028,0.0,0.0,1.1250915990594734,0.0,-0.06818150974325654,5.261105732314016,0.0,0.0,0.0,0.0,0.0,0.0,-0.8136990316167125
61.2,0.0,0.0,0.0,0.0,0.0,4.979755317102924,0.0,0.0,0.0,0.0,0.0,0.0,0.0,0.0,0.0,0.0,0.0,0.0,0.0,0.0,0.0,0.0,0.0,0.0,-0.12131255232621285,5.026924372583441,0.0,0.0,0.0,-1.7816002930387693,0.0,0.0,-3.150231332915972,3.4481316804517697,0.0,0.0,0.0,-0.22441617147526927,0.13886087370971723,0.0,12.865724029113,0.0,0.0,0.0,0.0,-0.9698357964492423,0.0,0.0,0.0,0.0,-0.39491894921967763,-0.30177449921934674,0.0,5.345597541230708,0.0,0.0,1.1171631588049369,0.0,-0.3471793229209439,4.171266466152369,0.0,0.0,0.0,0.0,0.0,0.0,-2.074914786122875
46.7,0.0,0.0,0.0,0.0,0.0,0.5060689848250881,0.0,0.0,0.0,0.0,0.0,0.0,0.0,0.0,0.0,0.0,0.0,0.0,0.0,0.0,0.0,0.0,0.0,0.0,-2.2854857430067543,3.0591421959077643,0.0,0.0,0.0,0.5192207424439328,0.0,0.0,-2.350998271230564,3.4972093409165144,0.0,0.0,0.0,-1.1415099858590292,0.23084385555690368,0.0,10.20892710277974,0.0,0.0,0.0,0.0,-1.8369562170859997,0.0,0.0,0.0,0.0,-0.1400740646074503,0.13412029051650265,0.0,2.5863037972092524,0.0,0.0,1.2731750529009194,0.0,-1.7665434532407964,2.838215125965382,0.0,0.0,0.0,0.0,0.0,0.0,-1.5487496609154974
25.7,0.0,0.0,0.0,0.0,0.0,1.029537605310642,0.0,0.0,0.0,0.0,0.0,0.0,0.0,0.0,0.0,0.0,0.0,0.0,0.0,0.0,0.0,0.0,0.0,0.0,-1.2698902328611492,0.19228835381771425,0.0,0.0,0.0,-1.454682222246122,0.0,0.0,-1.7902865827480676,0.9007944475801271,0.0,0.0,0.0,-1.1697616741178898,0.10374709074482524,0.0,6.212696337475175,0.0,0.0,0.0,0.0,-2.0956269847716147,0.0,0.0,0.0,0.0,-2.3061495700393344,-0.3373669441849163,0.0,1.8204472880151403,0.0,0.0,0.3011890955375822,0.0,-1.9022555297632255,0.8744208470621331,0.0,0.0,0.0,0.0,0.0,0.0,-0.6685068599702237
74.9,0.0,0.0,0.0,0.0,0.0,6.604900543044504,0.0,0.0,0.0,0.0,0.0,0.0,0.0,0.0,0.0,0.0,0.0,0.0,0.0,0.0,0.0,0.0,0.0,0.0,0.40574584088655996,4.330832259420376,0.0,0.0,0.0,-5.676847474287804,0.0,0.0,-1.4762885404165011,11.830544469465325,0.0,0.0,0.0,-0.2909470581871467,0.1622719118828737,0.0,12.22635135784682,0.0,0.0,0.0,0.0,-0.54489985592941,0.0,0.0,0.0,0.0,-1.2357767342654,0.44763626478242635,0.0,5.263404881102074,0.0,0.0,0.47430267701436435,0.0,-1.8614491684473418,3.034595214467501,0.0,0.0,0.0,0.0,0.0,0.0,0.8182811778525121
67.8,0.0,0.0,0.0,0.0,0.0,2.329811832971947,0.0,0.0,0.0,0.0,0.0,0.0,0.0,0.0,0.0,0.0,0.0,0.0,0.0,0.0,0.0,0.0,0.0,0.0,-0.6422735398859167,-0.572261984398768,0.0,0.0,0.0,-2.433426306929258,0.0,0.0,-1.5561502160369596,9.813025339008,0.0,0.0,0.0,-0.414287812327089,0.4966271255270911,0.0,12.966851086788122,0.0,0.0,0.0,0.0,-0.9040602870481962,0.0,0.0,0.0,0.0,-0.861668072871808,0.19565008500185854,0.0,7.419238376651785,0.0,0.0,2.2073463276550047,0.0,0.2649815262265989,3.364847623716175,0.0,0.0,0.0,0.0,0.0,0.0,-0.730921764386018
59.1,0.0,0.0,0.0,0.0,0.0,1.2942053615364504,0.0,0.0,0.0,0.0,0.0,0.0,0.0,0.0,0.0,0.0,0.0,0.0,0.0,0.0,0.0,0.0,0.0,0.0,-1.1408254217375475,5.835847881372782,0.0,0.0,0.0,-0.16279429649572208,0.0,0.0,-1.9501802097689769,6.9164501740313895,0.0,0.0,0.0,0.11176167148106586,0.39854124437366245,0.0,11.8297630247702,0.0,0.0,0.0,0.0,-0.9698357964492423,0.0,0.0,0.0,0.0,1.2324968035769501,-0.057863330359889886,0.0,1.579422099975334,0.0,0.0,1.4890049191545724,0.0,-0.8232853465248073,4.706174081140976,0.0,0.0,0.0,0.0,0.0,0.0,-2.561643124616639
52.2,0.0,0.0,0.0,0.0,0.0,2.146078031060524,0.0,0.0,0.0,0.0,0.0,0.0,0.0,0.0,0.0,0.0,0.0,0.0,0.0,0.0,0.0,0.0,0.0,0.0,-0.11079879889000743,0.7553999446874,0.0,0.0,0.0,-1.1671844091381152,0.0,0.0,-1.8533366358750802,5.985295876256787,0.0,0.0,0.0,-0.6052389560267617,0.332475230593003,0.0,12.850188637187415,0.0,0.0,0.0,0.0,1.3840317823635981,0.0,0.0,0.0,0.0,-0.5606224715550203,-0.6554635814002854,0.0,1.8776128694859464,0.0,0.0,2.0420495004638184,0.0,-0.6616182309193857,2.9542820910307537,0.0,0.0,0.0,0.0,0.0,0.0,-0.5553894372916686
45.6,0.0,0.0,0.0,0.0,0.0,2.6350459053383952,0.0,0.0,0.0,0.0,0.0,0.0,0.0,0.0,0.0,0.0,0.0,0.0,0.0,0.0,0.0,0.0,0.0,0.0,0.7206666521410412,3.4220011740865335,0.0,0.0,0.0,-2.6952530478866086,0.0,0.0,-1.5502034463538017,7.98405812283567,0.0,0.0,0.0,-0.7595204043108144,0.25921472862128603,0.0,9.530056260092849,0.0,0.0,0.0,0.0,0.9478178937833857,0.0,0.0,0.0,0.0,-4.530358446352664,0.2544657950752507,0.0,3.60153397941907,0.0,0.0,1.5410303640371303,0.0,-1.6501234385544716,2.6995719382625145,0.0,0.0,0.0,0.0,0.0,0.0,-0.6645663449563823
38.9,0.0,0.0,0.0,0.0,0.0,2.3500167202187274,0.0,0.0,0.0,0.0,0.0,0.0,0.0,0.0,0.0,0.0,0.0,0.0,0.0,0.0,0.0,0.0,0.0,0.0,-0.6864773411315532,1.3415218804021833,0.0,0.0,0.0,-6.602455565233054,0.0,0.0,-3.246211194658523,6.056016799709475,0.0,0.0,0.0,-0.1799234040729054,0.472092951165779,0.0,15.789270998501257,0.0,0.0,0.0,0.0,0.5723647157130376,0.0,0.0,0.0,0.0,-2.816427682049998,-0.34749202165936843,0.0,4.298663514046709,0.0,0.0,1.0939429426746212,0.0,0.5443481832781085,2.332811889499668,0.0,0.0,0.0,0.0,0.0,0.0,-2.820550311666418
23.2,0.0,0.0,0.0,0.0,0.0,2.690515321393047,0.0,0.0,0.0,0.0,0.0,0.0,0.0,0.0,0.0,0.0,0.0,0.0,0.0,0.0,0.0,0.0,0.0,0.0,0.0,-1.6994341397866783,0.0,0.0,0.0,-9.315981190268797,0.0,0.0,0.0,4.330147530489305,0.0,0.0,0.0,0.0,0.19789611016376885,0.0,6.161458352837967,0.0,0.0,0.0,0.0,-3.9014379172023954,0.0,0.0,0.0,0.0,0.0,-0.21812659783432142,0.0,0.8665282803627932,0.0,0.0,0.0,0.0,0.0,-1.2408591325588345,0.0,0.0,0.0,0.0,0.0,0.0,0.0
21.8,0.0,0.0,0.0,0.0,0.0,-1.9916090019889925,0.0,0.0,0.0,0.0,0.0,0.0,0.0,0.0,0.0,0.0,0.0,0.0,0.0,0.0,0.0,0.0,0.0,0.0,-0.17869704900876293,-2.4121163850815144,0.0,0.0,0.0,-7.231191741117078,0.0,0.0,-0.5901386064956888,1.8260179072657685,0.0,0.0,0.0,-0.37784939970991616,0.35323887730367964,0.0,9.88817324046271,0.0,0.0,0.0,0.0,-2.5123319770251165,0.0,0.0,0.0,0.0,-0.9278209207078802,0.30393119758071485,0.0,1.8321680794575297,0.0,0.0,0.6737448110531581,0.0,-0.08330169136227106,-0.8536515144204255,0.0,0.0,0.0,0.0,0.0,0.0,-0.43777197102394183
21.6,0.0,0.0,0.0,0.0,0.0,1.9445956160380984,0.0,0.0,0.0,0.0,0.0,0.0,0.0,0.0,0.0,0.0,0.0,0.0,0.0,0.0,0.0,0.0,0.0,0.0,-0.5816488796968002,1.2280627387623415,0.0,0.0,0.0,-3.496521370730072,0.0,0.0,-0.4620399641550481,0.15953313349991127,0.0,0.0,0.0,0.02773374663801853,0.08990550196452674,0.0,6.7115316300267684,0.0,0.0,0.0,0.0,-3.302381298706706,0.0,0.0,0.0,0.0,-1.3977051280155743,0.47611646154488163,0.0,-0.12458946150541905,0.0,0.0,0.6263223882884486,0.0,-0.39292711538993075,-2.728026919156923,0.0,0.0,0.0,0.0,0.0,0.0,-0.9576458744944194
21.3,0.0,0.0,0.0,0.0,0.0,0.4777544491739665,0.0,0.0,0.0,0.0,0.0,0.0,0.0,0.0,0.0,0.0,0.0,0.0,0.0,0.0,0.0,0.0,0.0,0.0,-0.36658806995037096,-1.773445734019763,0.0,0.0,0.0,-8.716935064650663,0.0,0.0,-0.489817412804034,2.315260793821313,0.0,0.0,0.0,0.0,0.3440570600784696,0.0,6.208963839638605,0.0,0.0,0.0,0.0,-2.7008651442186675,0.0,0.0,0.0,0.0,0.0,0.32714484879548955,0.0,3.7268769503932493,-0.11074809247125028,0.0,0.0,0.0,0.0,-1.194001017847718,0.0,0.0,0.0,0.0,0.0,0.0,0.0
21.1,0.0,0.0,0.0,0.0,0.0,1.1354359282319297,0.0,0.0,0.0,0.0,0.0,0.0,0.0,0.0,0.0,0.0,0.0,0.0,0.0,0.0,0.0,0.0,0.0,0.0,-0.739993104245988,0.5841033889964997,0.0,0.0,0.0,-6.024472462955078,0.0,0.0,-1.029696838847764,2.522262853860017,0.0,0.0,0.0,0.0,-0.16115884281416193,0.0,7.552403211009015,0.0,0.0,0.0,0.0,-2.652247522270354,0.0,0.0,0.0,0.0,0.0,-0.05210894841073355,0.0,0.6890717188409496,-0.205927391605643,0.0,0.0,0.0,0.0,-2.62379721098114,0.0,0.0,0.0,0.0,0.0,0.0,0.0
21.6,0.0,0.0,0.0,0.0,0.0,0.04211082926103682,0.0,0.0,0.0,0.0,0.0,0.0,0.0,0.0,0.0,0.0,0.0,0.0,0.0,0.0,0.0,0.0,0.0,0.0,-0.08336179192794724,-2.1037381988671076,0.0,0.0,0.0,-3.951741294094103,0.0,0.0,-1.0115937958354522,0.30057501498627026,0.0,0.0,0.0,-0.06483367750163005,0.23755611087272932,0.0,8.10797443328407,0.0,0.0,0.0,0.0,-4.24911977204704,0.0,0.0,0.0,0.0,-0.25307491196574095,0.1968919802374085,0.0,1.871930234647186,-0.10045210744669042,0.0,0.3423297456488461,0.0,-0.1719814494315708,-0.8347296149349006,0.0,0.0,0.0,0.0,0.0,0.0,-0.2791764667787735
21.1,0.0,0.0,0.0,0.0,0.0,0.3813094123492693,0.0,0.0,0.0,0.0,0.0,0.0,0.0,0.0,0.0,0.0,0.0,0.0,0.0,0.0,0.0,0.0,0.0,0.0,-0.3074695497142681,-1.8811355097714308,0.0,0.0,0.0,-5.8026714351981905,0.0,0.0,-0.9782455905945096,2.719404465697453,0.0,0.0,0.0,-0.1698104675719616,0.2663769141317083,0.0,6.586979697039563,0.0,0.0,0.0,0.0,-1.8274090101214036,0.0,0.0,0.0,0.0,-0.8107230098216105,0.15146067712752842,0.0,0.9901520949823057,-0.1975761048666307,0.0,0.21031893554471992,0.0,0.2141426005556406,0.049113561488209,0.0,0.0,0.0,0.0,0.0,0.0,-1.1156561398674185
20.9,0.0,0.0,0.0,0.0,0.0,-0.21533807442190245,0.0,0.0,0.0,0.0,0.0,0.0,0.0,0.0,0.0,0.0,0.0,0.0,0.0,0.0,0.0,0.0,0.0,0.0,-0.6594238460972708,1.1568171164954109,0.0,0.0,0.0,-6.104213552888458,0.0,0.0,-2.521538790372249,1.1549084016381261,0.0,0.0,0.0,-0.38816203050358133,0.26338232378889437,0.0,8.701939259339404,0.0,0.0,0.0,0.0,-1.199469455149388,0.0,0.0,0.0,0.0,-0.3278941281513079,-0.6692949519856839,0.0,0.8812684385237937,-0.07810535470209778,0.0,0.5502772633980602,0.0,-1.2217302322218728,-0.4903909501949535,0.0,0.0,0.0,0.0,0.0,0.0,-1.1179285895010729
21.1,0.0,0.0,0.0,0.0,0.0,1.0358955474652873,0.0,0.0,0.0,0.0,0.0,0.0,0.0,0.0,0.0,0.0,0.0,0.0,0.0,0.0,0.0,0.0,0.0,0.0,-1.0701019162678698,0.271299309776575,0.0,0.0,0.0,-5.652777190867209,0.0,0.0,-3.1202680970120866,0.17256196376201238,0.0,0.0,0.0,-1.111315714371088,0.32885628656745247,0.0,8.075314912404483,0.0,0.0,0.0,0.0,-2.1566621032573057,0.0,0.0,0.0,0.0,-1.1321696492716082,-0.14350509822633128,0.0,2.532264543884276,-0.3059765945288664,0.0,0.6723125882035461,0.0,-0.5434262384031641,1.1670365199947845,0.0,0.0,0.0,0.0,0.0,0.0,-0.483268428860411
19.45,0.0,0.0,0.0,0.0,0.0,-1.0953573660879687,0.0,0.0,0.0,0.0,0.0,0.0,0.0,0.0,0.0,0.0,0.0,0.0,0.0,0.0,0.0,0.0,0.0,0.0,0.0,1.8968536755379706,0.0,0.0,0.0,-7.4036639797887,0.0,0.0,0.0,2.5040983094004687,0.0,0.0,0.0,0.0,0.2674468580230398,0.0,10.45211124157872,0.0,0.0,0.0,0.0,-0.9817604298924927,0.0,0.0,0.0,0.0,-2.9247893590525873,-0.7607423575853556,0.0,2.945007046511252,0.0,0.0,0.0,0.0,0.0,1.139800306056081,0.0,0.0,0.0,0.0,0.0,0.0,-8.1417270538031
17.0,0.0,0.0,0.0,0.0,0.0,0.4534767391438166,0.0,0.0,0.0,0.0,0.0,0.0,0.0,0.0,0.0,0.0,0.0,0.0,0.0,0.0,0.0,0.0,0.0,0.0,0.0,-1.4789308845851377,0.0,0.0,0.0,-6.4877370722747205,0.0,0.0,0.0,2.13718493277765,0.0,0.0,0.0,0.0,0.18393541898275156,0.0,16.90495713371498,0.0,0.0,0.0,0.0,-2.9423981655574885,0.0,0.0,0.0,0.0,-3.5479943738498783,-0.28693152733927363,0.0,4.676525741436777,0.0,0.0,0.0,0.0,0.0,-2.3510375508507266,0.0,0.0,0.0,0.0,0.0,0.0,-9.309499393703437
31.6,0.0,0.0,0.0,0.0,0.0,3.2292452554475446,0.0,0.0,0.0,0.0,0.0,0.0,0.0,0.0,0.0,0.0,0.0,0.0,0.0,0.0,0.0,0.0,0.0,0.0,0.0,0.23544347160977885,0.0,0.0,0.0,-8.82242902723039,0.0,0.0,0.0,1.5057154034931646,0.0,0.0,0.0,0.0,0.4953296345214664,0.0,11.372187065839533,0.0,0.0,0.0,0.0,-1.549953375261512,0.0,0.0,0.0,0.0,0.0,-0.19461299315647906,0.0,2.102570275671493,0.0,0.0,0.0,0.0,0.0,-1.534256140313552,0.0,0.0,0.0,0.0,0.0,0.0,0.0
33.24,0.0,0.0,0.0,0.0,0.0,2.5924764659107478,0.0,0.0,0.0,0.0,0.0,0.0,0.0,0.0,0.0,0.0,0.0,0.0,0.0,0.0,0.0,0.0,0.0,0.0,-0.0977134114685203,-0.12135963293387952,0.0,0.0,0.0,-6.616567167066643,0.0,0.0,-1.10254432797419,1.5161909211033109,0.0,0.0,0.0,-0.3645673944414902,0.1625935652759658,0.0,11.880176714217557,0.0,0.0,0.0,0.0,-2.477096674452108,0.0,0.0,0.0,0.0,-1.2725716025684903,0.23171240212303346,0.0,1.8981797884766092,0.0,0.0,0.2736520491513037,0.0,-0.3889185614815833,-0.11644764776177219,0.0,0.0,0.0,0.0,0.0,0.0,-0.7670442919459344
32.47,0.0,0.0,0.0,0.0,0.0,-1.1408733057919918,0.0,0.0,0.0,0.0,0.0,0.0,0.0,0.0,0.0,0.0,0.0,0.0,0.0,0.0,0.0,0.0,0.0,0.0,-1.4437777601964843,0.4431219651632681,0.0,0.0,0.0,-3.984746963192844,0.0,0.0,-2.5053494889098697,3.8936061927119123,0.0,0.0,0.0,-0.7564424203128866,0.3329527389265152,0.0,11.308901225118474,0.0,0.0,0.0,0.0,-2.9535738492641155,0.0,0.0,0.0,0.0,-1.082257035929861,-0.3778642325734749,0.0,2.3891205434807894,0.0,0.0,1.0849069544728067,0.0,-0.5328771058405444,1.4822216858397983,0.0,0.0,0.0,0.0,0.0,0.0,-0.6432254801071657
30.97,0.0,0.0,0.0,0.0,0.0,-1.6833412244691637,0.0,0.0,0.0,0.0,0.0,0.0,0.0,0.0,0.0,0.0,0.0,0.0,0.0,0.0,0.0,0.0,0.0,0.0,-0.34478049866318905,3.191596378158019,0.0,0.0,0.0,-6.589450522489178,0.0,0.0,-0.38311891183031044,2.8510279114495205,0.0,0.0,0.0,0.0,0.43026222954573257,0.0,8.814320285278825,0.0,0.0,0.0,0.0,-3.5309010917584267,0.0,0.0,0.0,0.0,0.0,0.055796398291313665,0.0,2.569741531633184,-0.20787763848089202,0.0,0.0,0.0,0.0,1.0877656387032655,0.0,0.0,0.0,0.0,0.0,0.0,0.0
29.14,0.0,0.0,0.0,0.0,0.0,0.8847633358607769,0.0,0.0,0.0,0.0,0.0,0.0,0.0,0.0,0.0,0.0,0.0,0.0,0.0,0.0,0.0,0.0,0.0,0.0,-0.7271601501876521,2.455683623000242,0.0,0.0,0.0,-6.904075582925268,0.0,0.0,-0.9780205705606804,1.4640918612682814,0.0,0.0,0.0,0.0,0.29851786162033456,0.0,11.507880683687311,0.0,0.0,0.0,0.0,-3.19801537540058,0.0,0.0,0.0,0.0,0.0,0.2213822465757591,0.0,1.5547547182587866,-0.39440902833246483,0.0,0.0,0.0,0.0,0.5531015779608772,0.0,0.0,0.0,0.0,0.0,0.0,0.0
30.92,0.0,0.0,0.0,0.0,0.0,1.6247973952911412,0.0,0.0,0.0,0.0,0.0,0.0,0.0,0.0,0.0,0.0,0.0,0.0,0.0,0.0,0.0,0.0,0.0,0.0,-0.5070204580858189,2.5455881361072006,0.0,0.0,0.0,-6.549465324980833,0.0,0.0,-0.8590711131454203,3.492457303456442,0.0,0.0,0.0,-0.45743628279882387,0.22487126570384852,0.0,7.966819197131622,0.0,0.0,0.0,0.0,-3.4480325200120543,0.0,0.0,0.0,0.0,-0.47206785890492675,-0.11985926131669622,0.0,1.6954839834115214,-0.12283108733419112,0.0,0.5832139116117911,0.0,-0.2351142919118523,0.9725841612569894,0.0,0.0,0.0,0.0,0.0,0.0,-0.5542355503799046
