SMILES,EX_Liquid Density,m,sigma,epsilon_k,epsilonAB,KAB,molar_mass_rdkit,density_25C_1atm
CC=C(C)C(C)C,712.6,2.8471708620116125,3.7848618946761348,258.73171539799114,361.49795882233553,0.0017,98.18899999999998,
CC1CCCCC1(C)C,798.6,3.0230112592441913,3.9649540782948245,281.2548781941031,9.094947017729282e-13,4.336808689942018e-18,126.243,
C1CCC2=CC=CC=C2C1,965.0,3.175519665085865,3.8508778803198163,330.4640741407176,9.094947017729282e-13,4.336808689942018e-18,132.20599999999996,
CC1=C(C(=C(C=C1)C)C)C,904.6,3.2433949756881737,3.805166769537358,303.83962309434753,0.06071151393211949,0.00010000000000000417,134.22199999999998,
CC1=CC(=C(C(=C1)C)C)C,890.4,4.054343643065022,3.5734856264447266,263.7659887967522,94.73609625877543,0.009500000000000001,134.22199999999998,
CC1=C(C(=CC=C1)C)C,890.6,4.10049470719709,3.544838245662226,269.99727564091296,109.44518993265575,0.009500000000000001,120.19499999999996,
CC1=CC(=C(C=C1C)C)C,868.0,3.6371240042361834,3.7994003368393887,291.51104657601,9.094947017729282e-13,4.336808689942018e-18,134.22199999999998,
CC1=CC(=C(C=C1)C)C,871.71,3.330542340094059,3.771585444113891,292.4041689002965,9.094947017729282e-13,4.336808689942018e-18,120.19499999999998,
CC1CCCC1C,764.0,2.9387361844659945,3.9544840267341725,281.5144454276525,9.094947017729282e-13,4.336808689942018e-18,98.189,
CC1CCCCC1C,783.4,2.927643706375117,3.992543529936488,284.1931471440988,9.094947017729282e-13,4.336808689942018e-18,112.216,
CC1=CC(=CC(=C1)C)C,861.1,3.5803307186078674,3.7192306920405263,280.3962361123511,9.094947017729282e-13,4.336808689942018e-18,120.19499999999998,
CCC1=CC(=CC(=C1)C)C,864.4,3.703888872607007,3.7307011535357484,280.34718435251347,9.094947017729282e-13,4.336808689942018e-18,134.22199999999998,
CC1CCC(C1)C,740.2,2.910124127914806,3.8931712825538685,271.5410591527217,29.006934400018793,0.00020000000000000356,98.189,
C1CC=CC=C1,844.0,2.60511520226381,3.6677878560987964,284.30011862958617,76.38057532188196,0.0003000000000000038,80.13,
CCC1=CC(=CC=C1)CC,859.7,3.727293839947664,3.7906820114724913,282.22633893717784,9.094947017729282e-13,4.336808689942018e-18,134.22199999999998,
CC1=CC(=CC=C1)C,859.9,3.2466429705373256,3.7269879755072184,292.39418447865717,9.094947017729282e-13,4.336808689942018e-18,106.16799999999998,
C1C=CCC=C1,857.3,2.643037864471417,3.642717862933579,282.1239781655896,9.094947017729282e-13,4.336808689942018e-18,80.12999999999998,
CCC1=CC=C(C=C1)CC,861.9,3.6890612429445886,3.778137777366614,283.54092165883037,9.094947017729282e-13,4.336808689942018e-18,134.22199999999998,
CCC=C,577.0,2.437769128475378,3.6728753785123587,229.12821783242063,9.094947017729282e-13,4.336808689942018e-18,56.108,
CC1=CC(=CC=C1)C(C)C,861.0,3.6031593468201963,3.908973337713343,325.2720050829024,9.094947017729282e-13,4.336808689942018e-18,134.22199999999998,
CCCC=C,645.8,2.6945528517762143,3.7351108380098177,236.26275070272507,9.094947017729282e-13,4.336808689942018e-18,70.135,
CC(C)CC1=CC=CC=C1,849.0,3.6488036656800387,3.8328862974208544,280.5545874802254,9.094947017729282e-13,4.336808689942018e-18,134.22199999999998,
CCCCO,805.8,3.7848421418470033,3.453825599724133,247.6602701240485,2275.720016634724,0.010000000000000002,74.12299999999999,
CCC1=CC=CC=C1C=C,911.4,3.489284558488905,3.7360152068469525,288.3184173160938,523.7965307382149,0.0025000000000000005,132.20599999999996,
CCC1=CC=C(C=C1)C=C,897.6,3.500546558860263,3.7076403482824802,270.5806438406707,537.6250643798858,0.0025,132.20599999999996,
CCC1=CC=CC(=C1C)C,892.0,3.5542872766634988,3.7552749568094734,297.05678020505286,9.094947017729282e-13,4.336808689942018e-18,134.22199999999998,
CCC1=CC=CC=C1C,880.8,3.5454704838350186,3.810449927576434,297.84764012105916,9.094947017729282e-13,4.336808689942018e-18,120.19499999999996,
CCC1=CC=CC(=C1)C,862.3,3.5721413816406136,3.765032960592637,286.66187669651316,9.094947017729282e-13,4.336808689942018e-18,120.19499999999996,
CCC1=CC=C(C=C1)C,860.9,3.4745337448630598,3.772887165697997,286.62030072107933,9.094947017729282e-13,4.336808689942018e-18,120.19499999999996,
CCCCCC=C,692.9,3.0477837409181965,3.7541094211150994,241.33055645855296,9.094947017729282e-13,4.336808689942018e-18,98.189,
CCCCC=C,668.9,2.9821941692009655,3.7522688956187653,238.4016430437414,9.094947017729282e-13,4.336808689942018e-18,84.16199999999999,
CC1=CC=C(C=C1)C(C)C,862.0,3.4416916011457355,3.8950208501874974,290.46849766845605,9.094947017729282e-13,4.336808689942018e-18,134.22199999999998,
CC1=CCC=CC1,837.9,3.4757249820271445,3.8254645804008205,291.94558483749086,9.094947017729282e-13,4.336808689942018e-18,94.157,
CC1=CCCCC1,809.9,3.441650318043633,3.7827960759906936,291.45042351213607,9.094947017729282e-13,4.336808689942018e-18,96.17300000000002,
CC1=CCCC1,776.5,3.1495374751158094,3.9197968875497877,323.06700094233537,9.094947017729282e-13,4.336808689942018e-18,82.14600000000002,
CC1=CC=CC=C1C(C)C,876.6,3.5202834162943324,3.8982391320233023,297.66430541812355,9.094947017729282e-13,4.336808689942018e-18,134.22199999999998,
CCCC1=CC=CC=C1C,874.4,3.513345031690642,3.887574044401877,300.7887436521548,9.094947017729282e-13,4.336808689942018e-18,134.22199999999995,
CCCC1=CC=CC(=C1)C,861.0,3.477335166056834,3.763833826402747,288.40724638779034,9.094947017729282e-13,4.336808689942018e-18,134.22199999999995,
CCCC1=CC=C(C=C1)C,858.0,3.372270867078718,3.787879134544066,288.93105361956947,9.094947017729282e-13,4.336808689942018e-18,134.22199999999995,
CC1=CCCCCC1,813.0,3.446393118046789,3.7923269584410813,292.3793023769013,9.094947017729282e-13,4.336808689942018e-18,110.20000000000002,
CCCCCCCC=C,725.3,5.428900595831321,3.8785288319653075,250.7937958216942,9.094947017729282e-13,4.336808689942018e-18,126.243,
CCCCCCCCO,826.2,4.610081698856996,3.930145471297376,271.3229866236351,2250.357426204717,0.010000000000000002,130.23100000000002,
CCCCCCC=C,711.0,5.428900595831321,3.8785288319653075,250.7937958216942,9.094947017729282e-13,4.336808689942018e-18,112.216,
CCCCCO,810.91,4.458161706317764,3.4539630129161716,244.21909847376148,2137.9177215661143,0.010000000000000002,88.14999999999999,
CCCO,799.6,2.839654946993088,3.497888381101247,254.00847206929745,2323.2713151877206,0.010000000000000002,60.096,
CC(C)(C)C(C)(C)C,710.0,2.753265912136021,3.952786675149459,248.00687712852977,9.094947017729282e-13,4.336808689942018e-18,114.23199999999999,
CCC(C)(C)C(C)(C)C,723.0,2.901722077661778,4.127374148029263,288.5430391519138,9.094947017729282e-13,4.336808689942018e-18,128.25899999999996,
CC(C)C(C)C(C)(C)C,720.0,2.832706797475328,4.037900719360999,254.12867135266356,9.094947017729282e-13,4.336808689942018e-18,128.259,
CCC(C)C(C)(C)C,712.07,3.112517667709809,4.049818609857972,260.0489483131647,9.094947017729282e-13,4.336808689942018e-18,114.23199999999999,
CC(C)C(C)(C)C,685.76,2.764644497178352,4.050837441467081,254.81880369818785,9.094947017729282e-13,4.336808689942018e-18,100.20499999999998,
CCCC(C)C(C)(C)C,729.2,3.1732073477875673,4.016086196748795,256.0032832162552,9.094947017729282e-13,4.336808689942018e-18,128.259,
CC(C)(C)CC(C)(C)C,719.8,3.323765860542605,4.04660386818997,252.98306208738438,9.094947017729282e-13,4.336808689942018e-18,128.259,
CC(C)C(=O)C(C)(C)C,807.5,3.6865964817443935,3.7027852558347822,279.3894228776225,176.03001384756348,0.0018999999999999998,128.21499999999997,
CCC(C)CC(C)(C)C,711.0,3.3449409418794054,4.0772720072818975,255.8560561155549,9.094947017729282e-13,4.336808689942018e-18,128.259,
CC(C)CC(C)(C)C,687.77,3.218255732990423,4.066281657473768,251.49267320680036,9.094947017729282e-13,4.336808689942018e-18,114.23199999999999,
CC(C)CCC(C)(C)C,707.5,2.9117274823217643,4.068464489333025,271.4542250801255,0.36516714496679015,0.00010000000000000373,128.259,
CCCC(C)(C)CO,837.9,3.109631748291685,3.663540245879261,256.6503412015652,2255.1663828113847,0.010000000000000002,116.20399999999998,
CC(C)(C)CO,812.0,3.451028297377384,3.476146430383215,261.64422416189274,2377.3943395619303,0.010000000000000002,88.14999999999999,
CCC=CC(C)(C)C,704.8,2.8687928845555892,3.891400515493903,248.09177686111283,9.094947017729282e-13,4.336808689942018e-18,112.216,
CC(C)(C)C,649.0,2.561193048193548,3.945665132129448,237.08867706345038,9.094947017729282e-13,4.336808689942018e-18,72.151,
CCC(CC)C(C)(C)C,722.0,3.093024450635434,4.05421078019033,262.78763959648654,9.094947017729282e-13,4.336808689942018e-18,128.259,
CCC(C)(C)C,644.63,2.8153186307481777,4.0193148067905655,250.0083150948322,9.094947017729282e-13,4.336808689942018e-18,86.17799999999998,
CC1(CCCCC1=O)C,914.7,3.3846518723211774,3.7533074440331706,310.66236225123794,9.094947017729282e-13,4.336808689942018e-18,126.199,
CCCCCC(C)(C)C,715.7,3.2755098145910053,3.8988925332451134,249.99394431055921,9.094947017729282e-13,4.336808689942018e-18,128.259,
CCCCC(C)(C)C,691.12,3.231651558124051,3.9316070224975816,249.58500637339156,9.094947017729282e-13,4.336808689942018e-18,114.23199999999999,
CCCC(C)(C)C,669.58,2.9984705290580207,3.9244620492168645,254.15184458214736,9.094947017729282e-13,4.336808689942018e-18,100.20499999999998,
CC(C)C(C)(C)C(C)C,720.0,2.8240370886327897,4.012033411914457,261.35425876093143,9.094947017729282e-13,4.336808689942018e-18,128.25899999999996,
CC(CO)C(C)(C)C,823.8,3.784687738153136,3.3648168545730894,246.86218094691344,2360.198489322972,0.010000000000000002,116.204,
CC(=C)C(C)(C)C,700.54,2.832607907454176,3.9146457753474833,248.02642643176665,20.991638660454214,0.00010000000000000417,98.189,
CCCC(C)(C)C(C)C,732.3,3.0427408260246613,3.993069192789708,265.07900666353993,0.36516714496679015,0.00010000000000000373,128.25899999999996,
CCC(C)(C)C(C)C,722.32,3.123478528550352,4.074026401674574,264.92948105766146,9.094947017729282e-13,4.336808689942018e-18,114.23199999999997,
CC(C)C(C)C(C)C(C)C,759.3,3.0158008477784666,3.934755283686756,254.56705385997316,9.094947017729282e-13,4.336808689942018e-18,142.28599999999997,
CCC(C)C(C)C(C)C,734.7,3.259584290209891,3.9472906150132876,252.86858537699442,9.094947017729282e-13,4.336808689942018e-18,128.25899999999996,
CC(C)C(C)C(C)C,715.03,3.0406473538177403,3.9408079387116763,255.23350139528378,9.094947017729282e-13,4.336808689942018e-18,114.23199999999999,
CC(C)CC(C)C(C)C,721.9,3.143822726643551,3.937282042236264,251.34864552974753,9.094947017729282e-13,4.336808689942018e-18,128.25899999999996,
CC(=O)C(=O)C,990.0,3.364720542355572,3.462137876508076,267.299107411058,89.54213230037738,0.0003000000000000038,86.08999999999999,
CCCC(C)C(C)C,708.09,3.425851854466337,3.9208669154982205,247.85027762481118,9.094947017729282e-13,4.336808689942018e-18,114.23199999999999,
CC(C)C(C)(C)O,815.5,3.1738714617406343,3.797472940805322,250.75949264079816,2022.4963834950056,0.009700000000000002,102.17699999999998,
CC(C)C(C)C,656.98,2.7822769196509722,3.932372514156982,250.24420379007927,9.094947017729282e-13,4.336808689942018e-18,86.178,
CCCCC(C)C(C)C,725.8,3.2097731131685316,4.269865307341052,282.5827208074791,23.677387641317296,0.00010000000000000417,128.25899999999996,
CCC(C)C(C)C,689.6,3.264747042672478,3.944930302461448,252.74879964811566,9.094947017729282e-13,4.336808689942018e-18,100.20499999999998,
CC(=C)CC(C)(C)C,715.1,3.011014945828788,3.9907448121276756,254.51576080825038,40.79076665840131,0.00020000000000000356,112.216,
CCC(C)(C)CC(C)C,719.6,3.2991760003674773,4.097095651550481,261.4300821092066,9.094947017729282e-13,4.336808689942018e-18,128.25899999999996,
COCOCOCOCOCOCOC,1130.0,4.14728372703583,3.546525911153106,257.72075988256563,9.094947017729282e-13,4.336808689942018e-18,226.22499999999994,
COCOCOCOCOCOC,1100.0,4.14728372703583,3.546525911153106,257.72075988256563,9.094947017729282e-13,4.336808689942018e-18,196.19899999999996,
COCOCOCOCOC,1060.0,4.14728372703583,3.546525911153106,257.72075988256563,9.094947017729282e-13,4.336808689942018e-18,166.17299999999997,
COCOCOCOC,1020.0,4.14728372703583,3.546525911153106,257.72075988256563,9.094947017729282e-13,4.336808689942018e-18,136.147,
COCOCOC,960.0,4.010339781933896,3.525108336146608,253.4934291775138,9.094947017729282e-13,4.336808689942018e-18,106.121,
CC(C)C=C(C)C,695.5,2.866558765570816,3.8473585997110082,274.358699194879,698.1214740942012,0.0035000000000000027,98.189,
CC(C)C(=O)C(C)C,803.9,4.085297084750847,3.5279776969707655,245.61849656271326,82.20608460164215,0.00040000000000000343,114.18799999999997,
CCC(C)CC(C)C,696.2,3.0116948670287496,3.8802167810411645,243.31366069067815,9.094947017729282e-13,4.336808689942018e-18,114.23199999999999,
CC(C)CC(C)C,674.5,3.062459801614939,3.9003393488298177,245.48697630008115,9.094947017729282e-13,4.336808689942018e-18,100.20499999999998,
CC(C)CC=C(C)C,726.5,3.001582996482231,3.8811426229075203,280.2668344667438,681.5000733421244,0.003500000000000003,112.21599999999998,
CC(C)C=CC(C)C,712.2,2.7200857197802537,3.793042981944996,262.1939567074507,9.094947017729282e-13,4.336808689942018e-18,112.21599999999998,
CC(=CC=C(C)C)C,764.6,2.8291359611371125,3.7988628335127776,278.56182492556957,742.6137080887106,0.0036000000000000025,110.2,
CCC(C)CCC(C)C,714.0,3.286603385059422,3.94248590686063,250.06242076248887,9.094947017729282e-13,4.336808689942018e-18,128.259,
CC(C)CCC(C)C,689.34,3.3376425768361027,3.9587732796649746,250.36107749352095,9.094947017729282e-13,4.336808689942018e-18,114.23199999999999,
CC(C)CC(=O)CC(C)C,801.2,4.232460217211101,3.6507561676569416,246.88379083293285,16.762555057254815,0.00010000000000000373,142.242,
CC1CCCC(C1=O)C,915.0,3.347532989043712,3.7815204171222105,304.0253437060315,9.094947017729282e-13,4.336808689942018e-18,126.19899999999998,
CC(C)CCCC(C)C,709.8,3.2444487568236906,4.077122647978001,270.01092864568216,9.094947017729282e-13,4.336808689942018e-18,128.259,
CC=CC,636.0,2.5050374509679862,3.666082137766474,235.4931509803236,9.094947017729282e-13,4.336808689942018e-18,56.108000000000004,
CCOC(C)C,721.1,4.081853773730423,3.606673159050471,230.45000306947935,9.094947017729282e-13,4.336808689942018e-18,88.15,
CCC(=C)C(C)C,718.6,3.179947442542633,3.770890626378854,244.90232757743576,510.4062354954707,0.0021,98.18899999999998,
CCCCC=CC,713.0,3.044889451485106,3.747672730271568,241.1234929039433,9.094947017729282e-13,4.336808689942018e-18,98.18899999999998,
CC(=C)CCC=C,723.0,2.848826658710042,3.8390530371096925,254.7927991983101,44.293409812352934,0.00020000000000000356,96.173,
CC=CC=C(C)C,743.9,2.817801510657138,3.8220617068342815,291.3454433686238,742.6347331302928,0.003800000000000003,96.173,
CCCC=C(C)C,704.1,3.0400004455410636,3.8126748460840507,280.3687844435086,813.2434282160332,0.0039000000000000033,98.189,
CCC(CC)C(C)C,719.32,3.204530603680978,3.9228562999522003,253.22511301965474,9.094947017729282e-13,4.336808689942018e-18,114.23199999999999,
CCCC=CC(C)C,725.0,2.8871940825564644,3.8570637620450734,268.091646704743,168.72265971925975,0.0007000000000000027,112.21599999999998,
CCC=CC(C)C,694.2,2.7858924889488,3.8041540083075027,264.1941186163055,194.88035553809266,0.0008000000000000025,98.189,
CC(C)C,550.9,2.454716619568673,3.8162665433674383,233.34477487512714,9.094947017729282e-13,4.336808689942018e-18,58.123999999999995,
C=CCC1=CC=CC=C1,923.7,3.6689896364124523,3.6203752650311847,307.44102423742885,9.094947017729282e-13,4.336808689942018e-18,118.17899999999995,
CCC(C)O,802.4,3.6518527869504473,3.407172629911206,232.18818161298742,2156.921348765413,0.010000000000000002,74.12299999999999,
CCCCC1=CC=CO1,898.3,3.3600409517793417,3.708316392225448,278.15594472534343,9.094947017729282e-13,4.336808689942018e-18,124.18299999999996,
CCC1CCCO1,853.9,3.1578044344490293,3.837881618975052,263.48136571245817,9.094947017729282e-13,4.336808689942018e-18,100.161,
CCC1=C(C=CC(=C1)C)C,877.7,3.612742441708912,3.725122022101125,291.9759449269122,9.094947017729282e-13,4.336808689942018e-18,134.22199999999995,
CCC(=C)CC,691.4,3.109504874538935,3.7499191893020036,254.31258758221958,812.2929286485053,0.0033000000000000026,84.16199999999999,
CCCC(=C)CC,707.9,3.1318409950302515,3.7542596607404475,255.18474053573607,780.5044290994882,0.003200000000000002,98.189,
CCC1=CC=CO1,901.8,3.218780406385699,3.596988078983098,270.9237947096329,9.094947017729282e-13,4.336808689942018e-18,96.12899999999998,
C1=COC(=C1)CO,1133.0,2.7695897164692647,3.640875104149476,328.5039950303542,2050.9572245461077,0.0099,98.10099999999998,
CCCCC(C)O,810.14,3.5427763904493603,3.70661948375081,248.662715159544,2328.502363497528,0.010000000000000002,102.17699999999998,
CC1CCCO1,854.0,2.7524597784012745,3.756936660175094,276.98368623149673,9.094947017729282e-13,4.336808689942018e-18,86.134,
CC(=C)C=C,681.0,2.633522814902061,3.75322045173529,244.2408268777567,9.094947017729282e-13,4.336808689942018e-18,68.11900000000001,
CCC(C)CO,814.78,3.2522153337490214,3.589903850841353,248.7023335980507,2433.5508369989234,0.010000000000000002,88.14999999999999,
CCCC(C)CO,820.6,3.383096952400482,3.6702030625118987,256.94198236936603,2351.4877170778623,0.010000000000000002,102.17699999999999,
CC(C)CO,798.03,3.8105370490362196,3.2870592598806527,237.72878515365107,2295.8341163980353,0.010000000000000002,74.12299999999999,
CCC(C)(C)O,804.01,4.6702252483389,3.2768066417712842,217.3862549399355,1823.7246446141464,0.009900000000000003,88.14999999999998,
CC=C(C)C,656.94,2.7335898554245412,3.728694833338355,313.59959820347007,742.6137080887106,0.0036000000000000025,70.13499999999999,
CCCCC=C(C)C,720.5,3.111353287309514,3.798913481917129,273.01709366696144,755.9964421939333,0.0036000000000000025,112.21599999999998,
CCCCC(C)(C)O,809.4,3.909870350585445,3.632175484809081,245.1150741897591,1697.5542828286766,0.0089,116.20399999999998,
CCCC(C)(C)O,809.5,3.9574926057953363,3.526834044025876,236.5642896542708,1905.5254350875823,0.010000000000000002,102.17699999999998,
CCC=C(C)C,690.4,2.934121687039173,3.861093764222029,286.43049930064774,671.8991288252898,0.0036000000000000034,84.16199999999999,
CC(C)(C=C)O,820.0,2.6818208677957225,3.8456664320256255,199.99079675105025,2873.0884917739936,0.009600000000000001,86.134,
CCCC(=O)C(C)C,842.8,4.040413607727075,3.613243327829183,251.22402588128264,104.20355209408876,0.0005000000000000037,114.18799999999997,
CCC(=O)C(C)C,800.0,3.860242119584065,3.536517776284613,250.03403847490745,105.6298218049148,0.0005000000000000037,100.16099999999999,
CCC(C)C,619.7,2.7598029391608505,3.8660169456225204,238.86192788761278,9.094947017729282e-13,4.336808689942018e-18,72.151,
CC1=CC=CO1,916.0,3.0447317352466055,3.518266514765521,263.7279728620508,9.094947017729282e-13,4.336808689942018e-18,82.102,
CCCCCC(C)C,693.92,3.443292841895349,3.938684341052134,253.7831934899349,9.094947017729282e-13,4.336808689942018e-18,114.23199999999999,
CCCCC(C)C,678.9,3.4011104951740965,3.9733059668128985,257.43643933803924,23.677387641317296,0.00010000000000000417,100.20499999999998,
CC1=CC2=CC=CC=C2C=C1,1004.4,3.638310991214624,3.8659483751626147,331.8667417520801,9.094947017729282e-13,4.336808689942018e-18,142.201,
CCCCCCC(C)C,713.5,6.258748737658381,3.993635411500706,241.43497451819002,88.38143983234005,0.00040000000000000387,128.259,
CCCC(C)C,657.02,2.98003429471252,3.9455243139296083,251.8694633337043,9.094947017729282e-13,4.336808689942018e-18,86.178,
CCCCCC=CC,725.0,3.081623769898007,3.73956776315124,242.4163010246398,9.094947017729282e-13,4.336808689942018e-18,112.21599999999998,
CCCC(C)O,805.24,3.55567498761327,3.6556582239108724,245.12796643963054,2250.1650737735204,0.010000000000000002,88.14999999999999,
CCC=CC,650.6,2.6722614795889386,3.742358744969801,247.6367077205386,9.094947017729282e-13,4.336808689942018e-18,70.135,
CC(C)O,780.98,3.1361329415742363,3.3853945971079837,229.29559243915403,2240.623665529778,0.0099,60.096000000000004,
CCC(C)C(C)(C)CC,722.0,3.0805424437436417,4.071085550152277,263.4868017978772,9.094947017729282e-13,4.336808689942018e-18,128.259,
CCCCC(C)(C)CC,727.0,3.2748729326752244,3.9754817601773764,258.59468742357416,9.094947017729282e-13,4.336808689942018e-18,128.259,
CCC(CC)(CC)CC,748.68,3.1980199842888966,4.042929684891285,267.046819879453,9.094947017729282e-13,4.336808689942018e-18,128.259,
CCC(C)(C)C=C,696.1,2.903582753763935,3.9307122568598953,249.81487159274425,9.094947017729282e-13,4.336808689942018e-18,98.18899999999998,
CCC(C)(C)CCO,832.0,3.160167613558775,3.6483823154594788,261.07802177224977,2245.57106660435,0.010000000000000002,116.20399999999998,
CC(C)(C)CCO,809.7,3.5067949643063545,3.4848918103578015,271.0200026603607,2341.782852336172,0.010000000000000002,102.17699999999999,
CC(C)(C)C=C,647.86,2.6595795696661844,3.8821602139197227,237.4255883988038,9.094947017729282e-13,4.336808689942018e-18,84.16199999999999,
CC(=O)C(C)(C)C,722.9,3.1755467574180765,3.4387753645559793,305.4150325532547,59.855309288668366,0.0003000000000000038,100.16099999999999,
CC1(CCCC(=O)C1)C,906.0,3.37310772008066,3.762996442773282,304.75873936069354,9.094947017729282e-13,4.336808689942018e-18,126.199,
CCCC(C)(C)CC,705.96,3.1550471051455764,3.9792442000135484,265.0867975600506,18.934521020660156,0.00010000000000000373,114.23199999999999,
CCC(C)(C)CC,689.09,2.8764804125828656,3.906144176925547,274.46005146461994,455.03867337541135,0.004300000000000002,100.20499999999998,
CC=C(C)C(C)(C)C,735.0,2.8690989930933957,3.85651267175044,259.0594034355309,402.67030331474507,0.0018,112.21599999999998,
CC(C)C(C)C=C,701.0,2.776818067723383,3.8130136842111244,245.82620483093493,9.094947017729282e-13,4.336808689942018e-18,98.189,
CCCC(C)C(C)CC,731.4,3.47294714929007,3.904960546719562,247.06623654315445,9.094947017729282e-13,4.336808689942018e-18,128.259,
CCC(C)C(C)CC,715.16,3.2428191992610906,3.9267817431761296,251.1869716587774,9.094947017729282e-13,4.336808689942018e-18,114.23199999999999,
CCC(C)CC(C)CC,719.9,2.683756215580668,4.154893318334561,286.33902768174187,9.094947017729282e-13,4.336808689942018e-18,128.259,
CCC(CC)C=C,694.8,2.805189488546146,3.8133157248848337,249.43369120072674,0.021025041583300208,0.00020000000000000356,98.189,
CCC(C(C)C)C(C)C,736.5,3.1916558133939112,3.9552267152114537,253.7373882772275,9.094947017729282e-13,4.336808689942018e-18,128.259,
CCC(C)C(CC)CC,738.0,3.2248585524302023,3.922618681685692,251.15564676776728,9.094947017729282e-13,4.336808689942018e-18,128.259,
CCCCC(CC)CC,725.1,2.8951717217173933,4.187132562466229,301.2625941584435,23.677387641317296,0.00010000000000000417,128.259,
CCCC(CC)CC,709.48,3.444310538426416,3.88455514890312,246.52258325196993,9.094947017729282e-13,4.336808689942018e-18,114.232,
CCCC=CCC,701.6,2.7784689797877906,3.6734542152479888,245.57289875067738,9.094947017729282e-13,4.336808689942018e-18,98.189,
CCC=CCC,678.8,2.7004551909117613,3.64002502832306,240.79458772579676,9.094947017729282e-13,4.336808689942018e-18,84.162,
CCCCC(C)C=C,719.0,3.202561170340739,3.8177756199912736,242.835124036291,23.677387641317296,0.00010000000000000417,112.21599999999998,
CC(C)C=C,621.3,2.6811506269210312,3.7803006273336424,254.90438027738264,9.094947017729282e-13,4.336808689942018e-18,70.135,
CCC(C)(CC)CC,723.54,3.059625958149791,4.0460078192025835,261.6396181770282,9.094947017729282e-13,4.336808689942018e-18,114.23199999999999,
CCC=C(C)CC,714.0,3.562792657701706,3.7700319347528937,419.4327044428834,271.9291410615232,0.0013000000000000006,98.189,
CC1=COC=C1,923.0,3.171834250691475,3.6137049585012986,278.9999296676826,9.094947017729282e-13,4.336808689942018e-18,82.10199999999999,
CCCCCC(C)CC,720.5,3.505158124478795,3.851540433721958,243.97676688121524,9.094947017729282e-13,4.336808689942018e-18,128.259,
CCC(CC)CC,693.77,3.1504444353968504,3.876790335998865,246.74456184294854,9.094947017729282e-13,4.336808689942018e-18,100.205,
CCCCC(=O)CC,812.8,3.4790212492526216,3.976502427557596,297.16434829348873,34.09875239016054,0.0005000000000000028,114.18799999999999,
CCCC(=O)CC,821.6,3.564258899208874,3.6705878350248002,267.60200987398053,9.094947017729282e-13,4.336808689942018e-18,100.16099999999999,
CC(C)CCO,806.31,3.7466113552931333,3.4052914315261336,247.21942928627817,2348.5485922556677,0.010000000000000002,88.14999999999999,
CCCC(C)C=C,694.5,3.1191612058284512,3.809800056356557,240.66620656256075,9.094947017729282e-13,4.336808689942018e-18,98.189,
CCC(C)C=C,670.0,2.961828369125821,3.7517794295055777,247.80001810429334,9.094947017729282e-13,4.336808689942018e-18,84.16199999999999,
CC(C)C(C)O,812.31,3.8412696930590293,3.390630119656285,230.49973568968682,1922.6889256004285,0.0099,88.14999999999999,
CCC(C)C(C)O,811.0,3.604241215978117,3.5911842393485163,241.73032797114323,2196.4682013618144,0.010000000000000002,102.17699999999998,
CCCCC(C)CC,701.75,3.5186428662777502,3.8824511925304224,246.53019795561804,23.677387641317296,0.00010000000000000417,114.23199999999999,
CCCC(C)CC,687.0,3.3734210917637455,3.8742899400846387,244.19851255339114,9.094947017729282e-13,4.336808689942018e-18,100.205,
CCC(C)CC,659.76,2.9794103633236513,3.8807062056552333,244.59783464720414,9.094947017729282e-13,4.336808689942018e-18,86.178,
CCC(=O)CC,810.09,3.5193247292014953,3.5040231236998847,255.37118303696528,9.094947017729282e-13,4.336808689942018e-18,86.134,
CC(C)(C)CCCO,815.0,4.037586840435224,3.239434730118393,277.61343226469097,2817.941985483269,0.010000000000000002,116.204,
CC(C)(C)CC=C,680.2,2.8928996877600754,3.9107415414967903,246.7496122336937,9.094947017729282e-13,4.336808689942018e-18,98.189,
CC=CC(C)(C)C,712.0,2.685007404050273,3.8497456227529177,242.72672348771235,9.094947017729282e-13,4.336808689942018e-18,98.189,
CC(=O)CC(C)(C)C,816.5,3.4081545787980234,3.5625214356079478,259.7064981004573,235.1091194562623,0.000800000000000003,114.18799999999999,
CCC(CC)CC(C)C,721.0,4.642920463015696,4.147382721356043,417.17872480120775,9.094947017729282e-13,4.336808689942018e-18,128.259,
CCC(C)C=CC,700.7,2.914691966820489,3.671194871450132,244.07020953596825,9.094947017729282e-13,4.336808689942018e-18,98.18899999999998,
CC=CC(C)C,670.2,2.7376145599760413,3.778006611182423,262.66697327367064,9.094947017729282e-13,4.336808689942018e-18,84.162,
CCCCC(C)CCC,720.17,3.4678109427789536,3.891305860911979,248.56746850259213,24.04255478628312,0.00020000000000000356,128.259,
CCC1=CC(=C(C=C1)O)OC,1051.0,2.884092302063613,4.198457319090086,385.1934252883606,414.5178101467076,0.008199999999999999,152.19299999999996,
CCCC(=O)CCC,818.5,3.9489845994594197,3.610419467912428,255.82501268231613,9.094947017729282e-13,4.336808689942018e-18,114.18799999999999,
CC1=CC=C(C=C1)OC,969.0,3.39555811718146,3.6455176481857383,279.05751330836677,0.00016283113791359938,0.00010000000000000417,122.16699999999999,
CC1=CC(=C(C=C1)O)OC,1091.9,3.090233896559731,4.075624347690592,388.67730300822836,618.6594374851737,0.008199999999999999,138.16599999999997,
CCCC(C)CC=C,719.1,3.2252245342150427,3.78326252461815,241.27409625781755,9.094947017729282e-13,4.336808689942018e-18,112.216,
CCC(C)CC=C,696.9,2.949187228023481,3.7853775942055448,242.57837380601336,9.094947017729282e-13,4.336808689942018e-18,98.189,
CC(C)CC=C,671.8,2.8847458672707518,3.832105136123131,255.2842022940928,9.094947017729282e-13,4.336808689942018e-18,84.16199999999999,
CC(C)CC(C)O,802.45,3.366643000249124,3.7976072690964213,254.2907005390131,2215.550079681112,0.010000000000000002,102.17699999999998,
CCCC(C)CCC,700.55,3.4798543734250793,3.885879294296078,245.37804403992573,9.094947017729282e-13,4.336808689942018e-18,114.232,
CCCC1=CC=C(C=C1)OC,931.2,3.5521703786391243,3.63977512506137,267.69334109173576,6.070878686898936,0.000200000000000004,150.22099999999995,
CC(C)CCC=C,713.6,2.8695220423754715,3.9334578767303214,259.8699548233742,9.094947017729282e-13,4.336808689942018e-18,98.189,
CC=CCC(C)C,702.0,2.810850622336506,3.719745089890104,246.92680042783232,9.094947017729282e-13,4.336808689942018e-18,98.189,
CC(C)CCCC=C,712.5,3.0082879541315086,3.942945878577845,261.48286706869004,9.094947017729282e-13,4.336808689942018e-18,112.216,
CC=CCCC(C)C,725.0,2.9506252199368546,3.930421490537242,261.8025037513276,9.094947017729282e-13,4.336808689942018e-18,112.216,
CCC=CCC(C)C,725.6,2.7585928436468654,3.6721897799124243,245.3823546887814,9.094947017729282e-13,4.336808689942018e-18,112.216,
C1=CC=C(C=C1)C=O,1043.4,2.933066165114676,3.7117291014000986,337.934882709808,9.094947017729282e-13,4.336808689942018e-18,106.12399999999997,
C1=CC=C(C=C1)CCO,1016.0,3.76985701333645,3.5434571379762945,304.95732311610686,1888.0936068249287,0.0099,122.16699999999997,
C1=CC=C(C=C1)CO,1042.0,3.019882628443911,3.7378194657521924,329.323904038631,2151.4690367255594,0.009700000000000002,108.13999999999997,
CC(=O)C=C,842.0,3.28773457981131,3.501571181417432,272.24821144025674,19.156066899174505,0.00010000000000000373,70.09100000000001,
C1CCC1,703.0,2.6206988222039036,3.820176145576039,276.51791777018786,9.094947017729282e-13,4.336808689942018e-18,56.108,
C1CCC(=O)CC1,945.5,3.2383022901577414,3.854102504960087,324.38309884744257,9.094947017729282e-13,4.336808689942018e-18,98.145,
C1CCC=CC1,803.4,2.476228645104879,3.730164119880545,280.4491132894085,9.094947017729282e-13,4.336808689942018e-18,82.146,
C1CCC(C1)O,948.8,2.864427176063347,3.6412634294317603,292.5222822189791,2081.634318730628,0.009800000000000001,86.134,
C1CCC(=O)C1,948.7,3.0688079514975133,3.5902634285470514,307.461318620847,9.094947017729282e-13,4.336808689942018e-18,84.118,
C1CC1,790.0,2.6206988222039036,3.820176145576039,276.51791777018786,9.094947017729282e-13,4.336808689942018e-18,42.080999999999996,
CC(=O)C1CC1,893.8,2.744495623367828,3.63765240137592,299.96515164385016,25.460191773961185,0.00010000000000000373,84.11800000000001,
CC,499.1,2.780506245542341,3.8055273180191374,250.68559790845347,9.094947017729282e-13,4.336808689942018e-18,30.07,
C=C,482.0,2.40540934207834,3.574357645152201,270.3679575589231,9.094947017729282e-13,4.336808689942018e-18,28.053999999999995,
CCOC,711.0,3.4231210155797385,3.5106068001778112,238.91774502119358,9.094947017729282e-13,4.336808689942018e-18,60.096000000000004,
CCC1CCCCCC1,814.8,3.3545115952014406,3.972578354538972,273.19500543007865,9.094947017729282e-13,4.336808689942018e-18,126.24300000000001,
C1CC2=CC=CC=C2C1,946.0,3.010539199988627,3.712835257106488,321.9458620430884,9.094947017729282e-13,4.336808689942018e-18,118.17899999999997,
CC(=C)C1=CC=CC=C1,909.5,3.233120488036854,3.782946109795804,282.24234705791974,19.69747389649598,0.0007000000000000029,118.17899999999996,
CC(C)C1CCCC1,776.56,3.1059462813456507,3.961848704430727,279.2001151610225,9.094947017729282e-13,4.336808689942018e-18,112.21600000000001,
CC(=C)C=O,845.0,2.9910683703870964,3.5962636706862727,269.240215105822,116.59124251019404,0.0005000000000000035,70.09100000000001,
COC=O,1185.0,2.9129025813449925,3.264342014548684,255.87366637100428,9.094947017729282e-13,4.336808689942018e-18,60.05200000000001,
CCCC1CCCC1,775.25,3.3822675513679026,3.9970722123813536,276.2474784644769,9.094947017729282e-13,4.336808689942018e-18,112.21600000000001,
CC(=CCO)C,868.0,3.8508555906697515,3.6893061336068227,275.28827506675316,1894.363363007613,0.010000000000000002,86.134,
CC=C,575.0,2.2526986614483784,3.616225685932548,223.26186354256612,9.094947017729282e-13,4.336808689942018e-18,42.080999999999996,
CCCC=CCCC,718.4,2.8735157914179927,3.742960593257834,241.3621459761237,9.094947017729282e-13,4.336808689942018e-18,112.216,
C1=CC=CC=C1,873.6,2.58848464130903,3.5558662582629883,287.9647011783232,4.809555605334026e-06,0.00040000000000000365,78.11399999999999,
CCC(C)OC(=O)CC,863.0,3.9427448157964817,3.5279397015674925,243.0812442154808,38.3121337983481,0.00020000000000000356,130.18699999999998,
CCC(C)C1=CC=CC=C1,859.8,3.5193469292204727,3.911994779848049,287.5618176586152,9.094947017729282e-13,4.336808689942018e-18,134.22199999999998,
CCCC=O,817.0,2.2050878419190303,3.96698900385668,321.51952820970325,9.094947017729282e-13,4.336808689942018e-18,72.107,
CCCCOC=O,889.0,3.7417842872385703,3.5036959613802185,244.39248024620522,9.094947017729282e-13,4.336808689942018e-18,102.13299999999998,
CCCCOC(=O)CCC(=O)C,973.5,5.095529901515482,3.775923005694011,282.0498573968196,9.094947017729282e-13,4.336808689942018e-18,172.22399999999996,
CCCCOC(=O)CC,882.0,4.075521046148359,3.884873483323375,280.09108031303424,9.094947017729282e-13,4.336808689942018e-18,130.18699999999998,
CCCC=CC,681.3,2.913662454159609,3.73438943577102,241.45535141402195,9.094947017729282e-13,4.336808689942018e-18,84.16199999999999,
CCCCC=CCC,724.8,2.8962196530153923,3.682784680802921,245.2418852456514,9.094947017729282e-13,4.336808689942018e-18,112.21599999999998,
CC=CC1=CC=CC=C1,910.7,3.3457117811776547,3.8078809112299763,297.74750351974984,9.094947017729282e-13,4.336808689942018e-18,118.17899999999996,
C1CCCCCC1,809.8,2.6206988222039036,3.820176145576039,276.51791777018786,9.094947017729282e-13,4.336808689942018e-18,98.18900000000001,
C1CCC=CCC1,826.1,2.551657851588636,3.794141823905465,278.72798614575066,9.094947017729282e-13,4.336808689942018e-18,96.173,
C1CCCCC1,779.0,2.6206988222039036,3.820176145576039,276.51791777018786,9.094947017729282e-13,4.336808689942018e-18,84.162,
C1CCCCCCC1,831.5,2.6206988222039036,3.820176145576039,276.51791777018786,9.094947017729282e-13,4.336808689942018e-18,112.21600000000001,
C1CCCC=CCC1,850.0,2.551657851588636,3.794141823905465,278.72798614575066,9.094947017729282e-13,4.336808689942018e-18,110.19999999999999,
C1CCCC1,740.45,2.6206988222039036,3.820176145576039,276.51791777018786,9.094947017729282e-13,4.336808689942018e-18,70.135,
C1CC=CC1,772.0,2.4141050491085445,3.6806358807272215,272.1809763273026,9.094947017729282e-13,4.336808689942018e-18,68.11900000000001,
CCCCOCCCC,768.4,4.306248758057262,3.7313579407074267,239.70956718715297,9.094947017729282e-13,4.336808689942018e-18,130.231,
CCOCC,704.8,3.3743176785305793,3.5204342927519887,225.00167984714312,9.094947017729282e-13,4.336808689942018e-18,74.123,
CC(C)OC(C)C,725.8,3.5356536567050187,3.6506567418826714,228.51004897837888,9.094947017729282e-13,4.336808689942018e-18,102.17699999999999,
COC,947.7,2.668329936253132,3.3801702761389314,228.50940665431744,9.094947017729282e-13,4.336808689942018e-18,46.069,
CCO,785.3,2.214710190841128,3.631287125632698,255.6161464843829,2557.156225888271,0.010000000000000002,46.069,
CCOC1=CC=CC=C1,967.0,3.940931486746411,3.573321345943288,270.532776449604,9.094947017729282e-13,4.336808689942018e-18,122.16699999999996,
CCOC(=O)C(C)(C)C,855.5,3.9111277458698432,3.5217406487346095,244.3388052968989,9.094947017729282e-13,4.336808689942018e-18,130.18699999999998,
CCCC(=O)OCC,866.0,4.213412835965891,3.5340279601893263,243.28609698830866,9.094947017729282e-13,4.336808689942018e-18,116.15999999999998,
CCOC=O,917.0,3.13665668215597,3.3550799265680884,245.86764823952308,9.094947017729282e-13,4.336808689942018e-18,74.07900000000001,
CCOC(=O)C(C)C,869.0,4.198847184619107,3.516877384347846,236.04757801425907,9.094947017729282e-13,4.336808689942018e-18,116.15999999999998,
CCOC(=O)CC(C)C,864.0,4.293779648324044,3.5420233645643915,238.65046349762085,9.094947017729282e-13,4.336808689942018e-18,130.18699999999998,
CCOC(=O)CCC(=O)C,1013.46,5.241879211363967,3.5037279087827518,259.5716423302513,9.094947017729282e-13,4.336808689942018e-18,144.17,
CCCCC(=O)OCC,874.0,4.491454134403697,3.6786961330704737,254.1803573326142,9.094947017729282e-13,4.336808689942018e-18,130.18699999999998,
CCC1=CC=CC=C1,862.6,3.3397175721763124,3.7884603390314555,286.50522519105425,9.094947017729282e-13,4.336808689942018e-18,106.16799999999996,
CCC1CCCCC1,787.92,3.3545115952014406,3.972578354538972,273.19500543007865,9.094947017729282e-13,4.336808689942018e-18,112.21600000000001,
CCC1CCCC1,767.2,3.2899461721729235,3.9261458490287113,267.80483623366746,9.094947017729282e-13,4.336808689942018e-18,98.18900000000001,
CC1CCC(=O)O1,1050.0,3.035667269520156,3.6118683639936284,348.5352530515507,9.094947017729282e-13,4.336808689942018e-18,100.11699999999999,
COC1=CC=CC=C1O,1129.3,3.47550060911874,3.696694198141275,333.48823874294027,463.452680630801,0.0085,124.13899999999997,
C1C=CC2=CC=CC=C21,998.0,2.7744168837681658,4.019955052015074,381.2473920477773,9.094947017729282e-13,4.336808689942018e-18,116.16299999999995,
CC(C)COC=O,876.0,3.571375467375724,3.533512228595317,243.3989117367076,6.210735803298746,0.00010000000000000373,102.13299999999998,
CCC(=O)OCC(C)C,879.0,4.389965983884143,3.5875233676399665,247.04155647128945,9.094947017729282e-13,4.336808689942018e-18,130.18699999999998,
CC(C)CCOC=O,882.0,3.7840019372525364,3.6225660366197134,249.7098269192249,9.094947017729282e-13,4.336808689942018e-18,116.15999999999998,
CCCC(=O)OC(C)C,876.0,5.964678958857511,3.5040019638614144,235.9592007107246,9.094947017729282e-13,4.336808689942018e-18,130.18699999999995,
CC(C)OC=O,872.8,2.989151628479274,3.5583474675208535,254.73108099824208,9.094947017729282e-13,4.336808689942018e-18,88.106,
CC(C)C1=CC=CC=C1,856.6,3.2366751716415942,3.9195054535819827,295.6359514380384,9.094947017729282e-13,4.336808689942018e-18,120.19499999999995,
CC1=CCC(CC1)C(=C)C,839.0,3.7307448260457114,3.8677311107175756,277.36884752225234,22.352470944951676,0.00010000000000000373,136.238,
CC(=CCCC(C)(C=C)O)C,853.1,3.72524570364638,3.9839870148687306,268.0878820363385,1860.3192490321233,0.008799999999999999,154.25300000000001,
CO,787.0,1.6183166229668586,3.8153448980093385,284.4920321544852,2221.424677037279,0.0086,32.042,
COC1=CC=CC=C1,989.17,3.365517055151751,3.618995722503102,287.97498571481924,0.00016283113791359938,0.00010000000000000417,108.13999999999997,
CCC(C)C(=O)OC,874.0,3.9029052270932145,3.5380011432426706,244.29892247465477,1.014370508300999e-05,0.00010000000000000417,116.15999999999998,
CCCC(=O)OC,898.0,4.049286554728078,3.4489831900088443,246.05188586018159,9.094947017729282e-13,4.336808689942018e-18,102.13299999999998,
CCCCCC(=O)OC,879.0,4.7353105123328145,3.5833756570595163,252.62741732512833,9.094947017729282e-13,4.336808689942018e-18,130.18699999999998,
CCCCC(=O)OC,885.0,3.9209813304199783,3.921116734084489,290.8886198428483,9.094947017729282e-13,4.336808689942018e-18,116.15999999999998,
CCC(=O)OC,913.0,3.6387008600769906,3.353521569582107,242.00550786062422,9.094947017729282e-13,4.336808689942018e-18,88.106,
CCCOC,727.0,3.410771153676108,3.5534600779044845,243.0982650021288,9.094947017729282e-13,4.336808689942018e-18,74.12299999999999,
CCC(C)(C)OC,770.3,3.370904168508814,3.7354994856713617,242.46275434342323,9.094947017729282e-13,4.336808689942018e-18,102.17699999999998,
CC1CCCCC1,765.1,2.802715122930371,3.9731648334949785,280.0774153408287,9.094947017729282e-13,4.336808689942018e-18,98.18900000000001,
CC1CCCC1,743.3,2.7340310292272383,3.858725617683336,269.5071306157034,9.094947017729282e-13,4.336808689942018e-18,84.162,
CCCC,573.0,2.718414933186672,3.768738928817838,232.68316816419275,9.094947017729282e-13,4.336808689942018e-18,58.123999999999995,
CCCCC1=CC=CC=C1,855.9,3.4721506743187884,4.009372968676725,302.2025663519979,9.094947017729282e-13,4.336808689942018e-18,134.22199999999998,
CCCCCCCCCCC1=CC=CC=C1,851.89,5.140519968413991,4.059990426790657,291.3517462069875,9.094947017729282e-13,4.336808689942018e-18,218.38400000000001,
CCCCCCC,679.56,6.23200746562974,4.011049415393123,238.12250635264644,9.094947017729282e-13,4.336808689942018e-18,100.205,
CCCCCC,654.7,3.156976237378956,3.780610563998052,242.6337331267777,9.094947017729282e-13,4.336808689942018e-18,86.178,
CCCCCCCC,698.6,6.23200746562974,4.011049415393123,238.12250635264644,9.094947017729282e-13,4.336808689942018e-18,114.232,
CCCCC,685.95,2.9431393957573393,3.8064983232237637,241.42472226121765,9.094947017729282e-13,4.336808689942018e-18,72.151,
CCCCCC1=CC=CC=C1,860.2,2.6624659261414143,4.525982343108935,361.2805557880637,9.094947017729282e-13,4.336808689942018e-18,148.249,
CCC,493.0,2.4515000331379486,3.7055448256091332,222.76126681922898,9.094947017729282e-13,4.336808689942018e-18,44.096999999999994,
C1=CC=C2C=CC=CC2=C1,1037.0,3.097761531068293,3.870256570262346,353.0433361838728,9.094947017729282e-13,4.336808689942018e-18,128.17399999999995,
CC(=CCC=C(C)C=C)C,776.0,2.9793125387823918,3.8615719723753745,282.49233408917195,761.2051300426293,0.0037000000000000028,136.238,
CCCCCOC=O,885.0,3.5487262103271515,3.846709878342364,273.831636550191,9.094947017729282e-13,4.336808689942018e-18,116.15999999999998,
CCC(=O)OC(C)C,883.0,3.9112830732551984,3.5293832082448677,243.89451413887517,9.094947017729282e-13,4.336808689942018e-18,116.15999999999998,
CCC=O,805.8,2.3965357621016965,3.6030789828119705,288.66762650421947,9.094947017729282e-13,4.336808689942018e-18,58.08,
C=CC=O,838.9,2.6380248982246317,3.5318792321499015,289.00591431719147,9.094947017729282e-13,4.336808689942018e-18,56.064,
CCCOC(=O)C(C)C,879.0,4.209252307512043,3.593380132719169,239.09962984852623,9.094947017729282e-13,4.336808689942018e-18,130.18699999999995,
CCCOC=O,903.0,3.3649229566875087,3.479425374440725,249.12486333711553,9.094947017729282e-13,4.336808689942018e-18,88.10599999999998,
CCCOC(=O)CC,875.53,3.808627121996757,3.752200608265017,266.5707260388585,9.094947017729282e-13,4.336808689942018e-18,116.15999999999998,
CCCC1=CC=CC=C1,858.1,3.4783905368135297,3.8279223137451712,286.56268858421856,9.094947017729282e-13,4.336808689942018e-18,120.19499999999995,
CCC(C)OC=O,887.0,3.5983391579334465,3.5103794431792066,244.34199292389718,19.15606689917456,0.00010000000000000417,102.13299999999998,
C=CC1=CC=CC=C1,909.0,3.2335302006904567,3.6907902109352255,288.31459884744,274.7574251751902,0.001700000000000001,104.15199999999997,
CC(C)(C)O,781.0,3.662310348956344,3.405590906348463,220.9800329448724,2028.0443757490955,0.009700000000000002,74.12299999999999,
CC(=O)OC(C)(C)C,862.0,3.9123628088079627,3.4491904858003406,231.71304363915974,9.094947017729282e-13,4.336808689942018e-18,116.16,
CCOC(C)(C)C,735.3,3.6567473546223908,3.6221270911791064,257.98625925512334,9.094947017729282e-13,4.336808689942018e-18,102.17699999999999,
CC(C)(C)OC=O,889.0,3.390919890674351,3.5182921876045454,255.66092877008612,9.094947017729282e-13,4.336808689942018e-18,102.13299999999998,
CCC(=O)OC(C)(C)C,865.0,3.7280229614772513,3.5056761025903054,245.4763446152358,9.094947017729282e-13,4.336808689942018e-18,130.18699999999998,
CC(C)(C)C1=CC=CC=C1,862.3,3.513270255483492,3.875023066145808,288.13124391840904,9.094947017729282e-13,4.336808689942018e-18,134.22199999999998,
C1CCOC1,902.0,2.5287875130401885,3.581227434407631,290.54702641212737,9.094947017729282e-13,4.336808689942018e-18,72.107,
C1CC(OC1)CO,1058.7,2.73146837681281,3.8344565724408586,341.44144989856477,1852.1895810335275,0.010000000000000002,102.133,
C1CCOCC1,878.8,2.573330841430537,3.7145223112881762,294.9098327390648,9.094947017729282e-13,4.336808689942018e-18,86.134,
CC1=CC=CC=C1,862.3,2.933830832942064,3.7484490675271167,291.3186085081654,9.094947017729282e-13,4.336808689942018e-18,92.14099999999999,
CC=CC=O,869.0,2.6387068796328164,3.5209003972797883,286.401731890853,9.094947017729282e-13,4.336808689942018e-18,70.09100000000001,
